ligand,N_protein in training set,N_pos in training set,N_neg in training set,PNratio of training set,N_protein in test set,N_pos in test set,N_neg in test set,PNratio of test set
ZN,1770,8389,459705,0.018248659,615,3150,212711,0.014808825
MG,1701,6029,562714,0.010714146,665,2490,288725,0.008624123
CA,1421,7688,453464,0.016953937,533,3365,211318,0.015923868
III,1187,15720,297626,0.052817966,588,7492,200933,0.037286061
NUC,1114,24348,273678,0.088965865,584,12443,209426,0.059414781
MN,513,2341,173359,0.01350377,167,778,63552,0.012241944
ADP,399,5438,159487,0.034096823,158,1903,78956,0.024102032
PO4,393,2447,122409,0.01999036,73,482,26242,0.018367502
SO4,370,2541,108050,0.02351689,31,230,10582,0.021735022
ATP,336,4524,130740,0.034603029,139,1943,72042,0.026970378
FE,237,1124,72650,0.015471438,88,345,30318,0.011379379
AMP,235,2588,76200,0.033963255,67,786,25887,0.03036273
ANP,228,3311,92643,0.035739344,81,1188,42205,0.028148324
BGC,213,1606,79283,0.020256549,73,673,32218,0.020888944
CO,206,909,56206,0.016172651,65,251,18787,0.013360302
HEM,203,4733,51862,0.091261425,78,1659,22882,0.072502404
NAD,198,3780,66285,0.057026477,66,1251,28642,0.043677118
FAD,197,5000,77690,0.064358347,85,2178,36994,0.058874412
SAH,174,2709,51786,0.052311436,51,839,17257,0.048617952
GLC,168,1506,68536,0.021973853,63,617,30241,0.020402764
COA,155,2306,44851,0.051414684,57,761,18890,0.040285866
GOL,154,1512,51585,0.029310846,34,376,10892,0.034520749
NAP,150,2997,50027,0.05990765,60,1282,25511,0.050252832
SAM,148,2327,43255,0.053797249,46,714,15954,0.044753667
NAG,144,1297,50004,0.025937925,38,372,16108,0.023094115
MAN,140,786,49979,0.015726605,11,84,3296,0.025485437
GAL,139,907,47263,0.019190487,38,254,17141,0.014818272
CL,139,689,40758,0.016904657,25,175,10477,0.016703255
CU,129,519,38161,0.013600273,54,241,16348,0.014741864
GDP,127,1558,45987,0.03387914,40,496,15702,0.031588333
FMN,125,1906,35654,0.053458238,36,545,12912,0.042208798
NDP,116,2386,38174,0.062503274,30,588,11576,0.050794748
SF4,116,1664,47043,0.035371894,68,920,28270,0.032543332
FE2,108,453,34930,0.012968795,31,123,9665,0.012726332
POP,105,641,35882,0.01786411,28,189,13140,0.014383562
PLP,105,1245,41034,0.030340693,33,372,13692,0.02716915
NA,103,620,32904,0.018842694,23,199,7418,0.026826638
FUC,103,456,34523,0.013208586,59,221,19994,0.011053316
ACT,98,588,28379,0.020719546,18,145,5484,0.026440554
GSH,91,869,21801,0.039860557,20,177,4528,0.039090106
AZI,90,446,25758,0.017315009,9,40,2087,0.019166267
ACO,84,1513,21381,0.070763762,27,461,7617,0.060522515
GLY,84,508,27931,0.018187677,44,253,14304,0.01768736
GTP,83,1052,34250,0.030715328,34,454,14665,0.030958063
CIT,78,631,24486,0.025769828,32,284,9939,0.028574303
UDP,77,927,28447,0.032586916,25,315,9553,0.032973935
BMA,73,385,26317,0.014629327,5,37,2492,0.014847512
GLU,73,582,26209,0.022206112,24,166,10582,0.015687016
OXY,72,279,22377,0.012468159,19,97,7533,0.012876676
ACP,69,928,24031,0.038616787,20,304,10361,0.029340797
CO3,69,330,23328,0.014146091,21,99,8585,0.011531741
HEC,69,2382,17289,0.137775464,44,1477,12722,0.116098098
K,64,639,22508,0.028389906,17,147,7294,0.020153551
PYR,64,403,22874,0.017618257,12,78,4418,0.017655048
AGS,63,926,23030,0.040208424,47,668,26018,0.025674533
IOD,63,860,14991,0.057367754,16,188,4897,0.038390852
ADN,60,610,19355,0.031516404,12,100,3970,0.025188917
AKG,60,514,20803,0.024707975,34,293,12265,0.023889115
NAI,59,1158,20261,0.057154138,21,410,8812,0.046527463
SIA,56,380,17540,0.021664766,14,90,5648,0.015934844
5GP,55,602,16890,0.035642392,13,140,3621,0.038663353
ARG,55,483,18590,0.025981711,31,272,11897,0.022862907
BCT,55,261,20071,0.013003836,24,84,9157,0.00917331
CD,54,282,10862,0.02596207,11,65,2114,0.030747398
XE,54,688,20067,0.034285145,4,68,1348,0.050445104
FES,51,415,12642,0.032827084,27,223,9333,0.02389371
FLC,51,435,16727,0.026005859,13,104,4989,0.020845861
LYS,51,383,16607,0.023062564,20,131,7689,0.017037326
GLA,50,361,16856,0.021416706,16,147,6923,0.021233569
ALA,50,265,18200,0.01456044,21,96,7876,0.012188928
GNP,49,734,17608,0.041685597,11,181,3193,0.056686502
ADE,47,314,13101,0.023967636,9,69,2609,0.026446915
CU1,46,223,11190,0.019928508,10,48,3374,0.014226437
CYS,45,267,14458,0.018467285,14,77,3821,0.020151793
SER,45,254,14532,0.017478668,27,122,10099,0.012080404
APC,45,591,19927,0.029658253,15,184,5414,0.033985962
BEF,44,246,16403,0.014997257,29,166,15988,0.010382787
PHE,44,369,15574,0.023693335,16,115,6629,0.017348016
MAL,43,477,20612,0.023141859,12,113,5394,0.020949203
UNL,43,304,8749,0.034746828,6,43,1617,0.026592455
XYP,42,376,14955,0.025142093,16,140,6246,0.022414345
U5P,42,468,10755,0.043514644,7,75,1339,0.056011949
MPD,42,260,10890,0.023875115,7,46,2139,0.021505376
MET,41,352,15233,0.023107727,20,157,7372,0.021296799
CTP,41,464,17574,0.02640264,15,175,4743,0.036896479
NI,40,159,10307,0.015426409,13,39,2144,0.018190299
HG,40,203,11161,0.018188334,3,11,1213,0.009068425
XYS,40,246,14346,0.017147637,10,61,3555,0.017158931
ALF,39,299,18282,0.016354885,8,54,5497,0.00982354
ASP,39,298,15011,0.019852108,12,83,4198,0.01977132
TRP,39,407,13738,0.029625855,20,193,7821,0.024677151
LEU,38,297,15347,0.019352316,16,114,6010,0.018968386
AF3,37,215,13024,0.016507985,9,43,3787,0.011354634
NO,37,105,10509,0.009991436,7,28,1920,0.014583333
EDO,37,554,11720,0.047269625,9,98,2565,0.038206628
EPE,36,247,9283,0.026607778,9,68,2711,0.025082995
BR,36,355,10218,0.034742611,7,44,1715,0.025655977
C5P,36,390,10052,0.038798249,11,139,2978,0.046675621
OXL,35,221,12456,0.017742453,5,32,1546,0.020698577
FMT,35,250,9820,0.025458248,9,83,2756,0.03011611
IMD,35,189,9141,0.020676075,15,76,3759,0.020218143
WO4,35,235,9714,0.024191888,4,29,1476,0.019647696
TYR,35,276,11810,0.023370025,14,134,5143,0.026054832
SFG,34,517,11040,0.04682971,12,185,4119,0.044913814
FUL,34,165,12125,0.013608247,7,49,2180,0.022477064
APR,34,539,9567,0.0563395,6,86,2144,0.04011194
PRO,33,191,12509,0.015269006,29,176,10279,0.017122288
HIS,33,230,9986,0.023032245,9,59,3152,0.018718274
SUC,32,349,11497,0.030355745,3,39,1733,0.022504328
CYN,32,107,9506,0.011256049,3,11,942,0.011677282
O,31,119,11853,0.010039652,12,54,5213,0.010358719
NGA,31,252,8028,0.031390135,6,40,2534,0.01578532
DTP,31,385,16493,0.023343237,13,184,6139,0.029972308
UTP,30,346,11897,0.029082962,15,182,7719,0.023578184
DMU,30,256,9092,0.028156621,10,78,3073,0.025382363
DMS,28,263,7423,0.035430419,7,63,1819,0.034634415
TRE,27,266,6956,0.038240368,10,83,3219,0.025784405
NO3,26,187,8583,0.021787254,4,37,794,0.046599496
FRU,26,211,9030,0.023366556,16,137,8034,0.017052527
A2G,26,181,6223,0.02908565,5,46,2038,0.022571148
TPP,26,397,12903,0.030768038,2,38,1136,0.033450704
DGT,25,294,12756,0.023047977,7,80,2485,0.032193159
TMP,25,278,7258,0.038302563,2,22,449,0.048997773
GLN,24,207,9377,0.022075291,16,119,6310,0.018858954
MTA,24,314,6175,0.050850202,6,59,1813,0.032542747
G3P,24,179,7048,0.025397276,3,24,763,0.031454784
VAL,24,175,9344,0.018728596,11,78,3887,0.02006689
BU3,24,178,9560,0.018619247,22,146,7124,0.020494104
BEZ,23,190,6700,0.028358209,4,42,1427,0.029432376
TYD,23,252,6456,0.039033457,5,52,1463,0.035543404
CBI,23,198,9039,0.021905078,6,73,1494,0.048862115
UPG,22,391,7837,0.04989154,8,140,3008,0.046542553
NCA,22,145,6394,0.02267751,11,89,2237,0.039785427
DAO,22,224,5529,0.040513655,3,30,778,0.038560411
PLM,22,293,5813,0.050404266,9,124,2210,0.056108597
IHP,22,193,7542,0.025590029,17,115,10135,0.011346818
TTP,22,310,9705,0.031942298,11,123,5654,0.02175451
B12,22,399,8561,0.046606705,7,171,3152,0.054251269
DCP,22,275,10259,0.026805732,8,81,5612,0.014433357
FDA,21,547,9044,0.060482088,6,164,3095,0.052988691
PMP,21,260,8296,0.031340405,14,184,5286,0.034808929
PC,21,160,6305,0.025376685,4,37,822,0.045012165
DAL,21,137,6397,0.021416289,6,39,1435,0.0271777
QUE,21,190,7691,0.0247042,6,73,1477,0.049424509
CDP,21,256,7345,0.034853642,10,142,3297,0.043069457
PNS,21,138,5016,0.027511962,11,77,7450,0.01033557
BOG,20,194,7002,0.02770637,1,3,121,0.024793388
MLI,20,147,6055,0.024277457,10,87,4218,0.020625889
SGN,20,140,4525,0.030939227,6,38,2442,0.015561016
CMP,20,282,5638,0.050017737,11,119,2941,0.040462428
NPO,20,141,7223,0.019520975,9,65,2863,0.022703458
BDP,19,145,6752,0.021475118,10,75,5604,0.013383298
C2E,19,242,4630,0.052267819,15,230,3733,0.061612644
BME,19,139,4716,0.029474131,4,33,952,0.034663866
NO2,19,83,7053,0.011768042,7,43,1590,0.027044025
MMA,19,123,4225,0.029112426,1,5,341,0.014662757
LAT,19,150,6266,0.023938717,7,64,1785,0.035854342
PO3,19,94,6801,0.013821497,4,18,1011,0.017804154
UD1,18,305,6405,0.047619048,9,146,3771,0.038716521
RAM,18,131,8196,0.015983407,9,77,4603,0.016728221
MLT,18,133,6046,0.021998015,6,58,2494,0.023255814
SCN,18,100,3852,0.02596054,3,13,591,0.021996616
ASC,18,130,6065,0.02143446,3,24,1226,0.019575856
CLA,18,176,1997,0.088132198,30,1307,3858,0.338776568
NDG,18,155,4741,0.032693525,4,43,1253,0.034317638
ILE,17,141,4813,0.029295658,7,58,2859,0.020286814
CMO,17,69,5424,0.012721239,2,6,1199,0.00500417
URA,17,127,5117,0.02481923,4,32,1196,0.026755853
I3P,17,125,4288,0.029151119,4,29,2145,0.013519814
RBF,17,156,3703,0.042128004,3,23,1006,0.022862823
STL,17,162,5075,0.031921182,3,34,1226,0.027732463
SO3,17,81,7335,0.011042945,1,6,426,0.014084507
PG4,17,125,4046,0.030894711,2,11,347,0.031700288
CLR,16,141,5904,0.023882114,39,386,21816,0.017693436
F3S,16,177,6805,0.026010287,6,62,3051,0.020321206
MES,16,107,4091,0.026154974,1,11,287,0.038327526
ACR,16,231,9856,0.0234375,4,81,3090,0.026213592
OAA,16,117,6336,0.018465909,7,50,3910,0.012787724
MYR,16,155,3787,0.040929496,7,71,1820,0.039010989
MTN,16,86,3590,0.023955432,2,8,440,0.018181818
UNK,16,73,4125,0.01769697,1,2,235,0.008510638
LBT,16,118,6519,0.018100936,2,14,252,0.055555556
SEP,15,118,3785,0.031175694,5,22,1219,0.01804758
STU,15,232,5103,0.045463453,2,28,709,0.039492243
IDS,15,73,3387,0.021552997,5,30,1913,0.015682175
CAC,15,87,3744,0.023237179,2,15,795,0.018867925
DGL,15,103,3873,0.026594371,11,50,3373,0.014823599
FUM,15,104,6357,0.016359918,10,87,4460,0.019506726
CHT,15,155,5322,0.029124389,2,10,625,0.016
I3C,15,129,2712,0.047566372,11,117,2125,0.055058824
INS,14,117,4524,0.025862069,3,23,922,0.02494577
ASN,14,88,3701,0.023777357,9,64,3253,0.019674147
U,14,109,3969,0.027462837,2,11,819,0.013431013
13P,14,146,4196,0.034795043,2,17,911,0.018660812
PEO,14,61,5465,0.01116194,2,16,632,0.025316456
G6P,14,158,6966,0.022681596,5,43,1911,0.022501308
CAA,14,250,4741,0.052731491,1,18,412,0.04368932
F6P,14,158,5854,0.026990092,3,38,1205,0.03153527
3PO,14,83,4966,0.016713653,4,19,1201,0.01582015
NOJ,14,140,8659,0.016168149,4,43,2556,0.016823161
BCD,14,135,7084,0.01905703,2,22,548,0.040145985
MPG,14,260,4497,0.057816322,3,121,534,0.22659176
PEP,14,124,5440,0.022794118,3,32,1487,0.021519839
TFA,14,54,2201,0.024534303,10,51,1766,0.028878822
GMP,14,144,5304,0.027149321,6,102,1586,0.064312736
PEG,14,77,4328,0.017791128,5,20,1969,0.01015744
CTN,14,120,3834,0.031298905,4,34,1272,0.02672956
GSP,13,220,3922,0.05609383,7,97,2056,0.047178988
2HP,13,121,5224,0.023162328,1,5,1030,0.004854369
IPH,13,118,4055,0.029099877,2,15,789,0.019011407
UMP,13,131,2397,0.054651648,3,38,893,0.042553191
MOO,13,90,2792,0.032234957,3,25,1110,0.022522523
A3P,13,181,3467,0.052206519,5,71,1859,0.038192577
BLA,13,217,2934,0.073960464,5,99,1380,0.07173913
F,13,51,4810,0.010602911,4,16,1225,0.013061224
CAQ,13,91,3694,0.024634543,3,21,1251,0.016786571
DXC,13,152,4376,0.034734918,3,24,1016,0.023622047
OLA,13,212,3091,0.068586218,4,57,882,0.06462585
FPP,13,129,4097,0.031486454,4,33,1184,0.027871622
IFM,13,116,6837,0.016966506,1,7,1106,0.006329114
IPE,13,142,3525,0.040283688,3,26,835,0.031137725
AR6,12,224,3485,0.064275466,10,158,3254,0.048555624
FEO,12,83,2954,0.028097495,3,20,1274,0.015698587
DPO,12,86,4036,0.021308226,3,24,845,0.028402367
GTX,12,148,2395,0.061795407,1,25,216,0.115740741
EOH,12,76,2857,0.02660133,1,4,148,0.027027027
DIO,12,83,1748,0.047482838,1,4,254,0.015748031
BTN,12,159,2389,0.066555044,3,17,1357,0.012527634
TRS,12,93,3763,0.024714324,4,25,1033,0.024201355
URE,12,130,3510,0.037037037,2,13,655,0.019847328
GCU,12,81,5027,0.01611299,2,22,959,0.022940563
PDO,12,68,2991,0.022734871,12,83,3321,0.024992472
NIO,12,82,3445,0.023802612,4,32,1216,0.026315789
SLB,12,97,4703,0.020625133,5,58,1796,0.032293987
DAN,12,137,5657,0.024217783,4,48,1584,0.03030303
GCS,12,104,3978,0.026143791,5,42,2523,0.016646849
CS,12,82,3235,0.025347759,8,49,2839,0.017259598
RIB,12,88,2692,0.03268945,3,17,709,0.023977433
OCA,12,90,3491,0.025780579,8,83,3196,0.025969962
OGA,12,110,4265,0.025791325,7,68,2208,0.030797101
G4P,12,103,6506,0.01583154,10,106,2849,0.037206037
BUA,12,70,3277,0.021361001,4,15,1658,0.009047045
GOA,12,55,3600,0.015277778,6,30,2222,0.01350135
CTT,12,160,4484,0.035682426,3,43,764,0.056282723
FPS,12,157,4049,0.038775006,2,19,1028,0.01848249
GDS,12,172,3450,0.049855072,1,16,203,0.078817734
TMO,12,76,3854,0.019719772,11,93,3614,0.02573326
ADA,11,122,3564,0.034231201,5,41,3076,0.013328999
3PG,11,96,3579,0.026823135,2,15,498,0.030120482
ORN,11,80,4125,0.019393939,3,28,1522,0.018396846
IMP,11,137,3836,0.035714286,12,137,3439,0.039837162
G3H,11,100,3579,0.027940766,5,40,1418,0.028208745
LMR,11,95,3888,0.024434156,9,74,3408,0.021713615
PRP,11,133,2478,0.053672316,4,44,1132,0.038869258
GLV,11,73,4320,0.016898148,3,12,1070,0.011214953
TDP,11,198,5940,0.033333333,4,52,1799,0.028904947
G2F,11,103,4592,0.022430314,2,16,913,0.017524644
THR,11,88,4232,0.020793951,6,34,1777,0.019133371
FER,11,106,2634,0.040242976,6,38,1696,0.02240566
AHR,11,104,4610,0.022559653,9,61,4741,0.012866484
TDR,11,62,2918,0.02124743,1,8,272,0.029411765
POL,11,73,2315,0.031533477,9,74,2476,0.029886914
KAN,11,101,2384,0.042365772,2,25,540,0.046296296
XYL,11,86,4572,0.018810149,2,14,803,0.01743462
PPV,11,83,2919,0.028434395,7,41,2184,0.018772894
B4P,11,146,3291,0.044363415,3,43,1277,0.03367267
ABU,11,82,4192,0.019561069,5,25,1487,0.016812374
MLR,10,143,5765,0.024804857,6,73,3238,0.022544781
RET,10,135,2508,0.053827751,7,91,1928,0.04719917
FBP,10,82,3700,0.022162162,3,35,1240,0.028225806
IND,10,55,3593,0.015307542,2,15,780,0.019230769
PGA,10,80,3485,0.022955524,3,24,1375,0.017454545
MGD,10,437,7239,0.060367454,2,104,1659,0.062688366
BTB,10,69,4081,0.016907621,5,37,1317,0.028094153
M7G,10,92,4076,0.022571148,2,23,780,0.029487179
DHB,10,97,3205,0.030265211,1,8,458,0.017467249
PCG,10,103,1954,0.052712385,3,28,1257,0.022275259
A2P,10,102,2710,0.037638376,1,8,161,0.049689441
G1P,10,96,3801,0.025256511,4,31,3037,0.010207442
URI,10,96,3343,0.028716722,3,27,803,0.03362391
MN3,10,40,3487,0.011471179,4,21,988,0.021255061
CDL,10,107,2498,0.042834267,11,188,1639,0.114704088
THG,10,109,5276,0.020659591,4,50,1715,0.029154519
BU2,10,88,2542,0.034618411,3,16,998,0.016032064
SAL,10,68,2826,0.024062279,8,73,2202,0.03315168
MGF,10,67,5030,0.01332008,1,6,213,0.028169014
SPD,10,88,3066,0.028701892,6,56,2143,0.026131591
UQ1,10,40,2251,0.01776988,2,21,771,0.027237354
HEB,10,183,2355,0.077707006,3,87,1822,0.047749726
1PS,10,66,2682,0.024608501,5,39,2144,0.018190299
DUP,10,98,2744,0.035714286,2,27,301,0.089700997
D5M,10,96,2419,0.039685821,3,40,653,0.061255743
FNR,10,179,2626,0.068164509,3,48,746,0.064343164
IM2,9,95,3300,0.028787879,3,32,1120,0.028571429
GTG,9,124,3446,0.035983749,2,25,419,0.059665871
STR,9,77,2810,0.027402135,5,40,1209,0.033085194
ARA,9,97,2965,0.032715008,2,16,620,0.025806452
ACD,9,169,3388,0.049881936,3,56,489,0.114519427
MTX,9,111,2622,0.042334096,3,42,957,0.043887147
AG,9,47,1690,0.027810651,1,4,307,0.013029316
PDC,9,81,1998,0.040540541,1,6,259,0.023166023
PMS,9,74,1874,0.039487727,1,5,277,0.018050542
4IP,9,81,1795,0.045125348,1,13,507,0.025641026
DUR,9,83,1877,0.044219499,2,23,437,0.052631579
BEN,9,61,1773,0.034404963,1,21,175,0.12
PPY,9,101,3000,0.033666667,1,2,465,0.004301075
MLC,9,152,3028,0.050198151,1,12,836,0.014354067
PIN,9,70,2730,0.025641026,2,12,726,0.016528926
AMU,9,70,1882,0.037194474,2,12,678,0.017699115
SOR,9,88,3440,0.025581395,4,35,1375,0.025454545
COM,9,52,2580,0.020155039,2,11,723,0.015214385
BG6,9,97,3239,0.029947515,1,11,491,0.022403259
DUT,9,92,4116,0.022351798,2,21,356,0.058988764
PNM,9,94,3154,0.029803424,2,22,865,0.025433526
F6R,9,94,2970,0.031649832,1,5,671,0.007451565
GDU,9,162,3140,0.051592357,3,49,1317,0.037205771
MAG,9,34,1530,0.022222222,1,3,610,0.004918033
GPP,9,95,2714,0.035003685,3,41,613,0.066884176
CTR,9,101,2956,0.034167794,2,37,615,0.060162602
RB,9,87,3256,0.026719902,5,39,1771,0.022021457
R5P,9,86,2565,0.033528265,1,9,462,0.019480519
MTT,9,155,5484,0.028264041,2,41,998,0.041082164
M6P,9,82,2424,0.033828383,1,5,296,0.016891892
GRG,9,114,3005,0.037936772,2,18,585,0.030769231
OXD,9,53,3626,0.014616657,4,25,1339,0.01867065
RP5,9,73,2656,0.02748494,1,6,268,0.02238806
MO,9,26,5699,0.004562204,2,10,989,0.010111223
PLR,9,107,4030,0.026550868,3,36,1135,0.031718062
DST,9,95,2994,0.031730127,2,29,501,0.057884232
PER,9,46,3365,0.013670134,1,4,138,0.028985507
GDD,9,166,2715,0.061141805,5,73,1448,0.050414365
LP5,9,84,2394,0.035087719,1,3,695,0.004316547
PD2,9,94,3257,0.028860915,2,23,634,0.036277603
CPT,9,40,1537,0.026024723,1,8,166,0.048192771
I6P,9,62,2852,0.02173913,6,53,4749,0.011160244
CYT,9,54,2524,0.021394612,1,9,276,0.032608696
GTS,8,88,1525,0.057704918,1,11,201,0.054726368
FAR,8,55,2198,0.025022748,6,51,1873,0.027229044
OXM,8,57,3145,0.018124006,1,6,325,0.018461538
NOS,8,112,2333,0.048006858,3,55,860,0.063953488
AP5,8,136,1905,0.071391076,1,12,103,0.116504854
GUA,8,65,3636,0.017876788,5,26,1310,0.019847328
HSM,8,73,1768,0.041289593,4,24,982,0.024439919
C2F,8,94,2994,0.031396126,1,17,265,0.064150943
A,8,47,3108,0.015122265,9,99,3059,0.032363517
DCT,8,80,4106,0.019483682,1,8,537,0.014897579
CBS,8,98,2781,0.035239123,5,47,1892,0.024841438
HOA,8,20,3304,0.006053269,1,2,159,0.012578616
SIN,8,71,2503,0.028365961,1,8,372,0.021505376
GER,8,80,2381,0.033599328,2,23,458,0.050218341
DIF,8,91,2496,0.036458333,2,65,781,0.083226633
CO2,8,42,3220,0.013043478,1,10,366,0.027322404
SGC,8,69,3756,0.018370607,1,8,598,0.013377926
IBP,8,50,2341,0.021358394,1,18,562,0.03202847
ASD,8,73,2858,0.025542337,1,12,118,0.101694915
1BO,8,60,1981,0.030287733,2,7,918,0.007625272
G,8,68,3569,0.019052956,4,34,2039,0.016674841
BES,8,112,4501,0.024883359,1,14,506,0.027667984
NMN,8,88,1897,0.046389035,3,28,1065,0.02629108
URF,8,55,2863,0.019210618,3,23,919,0.025027203
IPT,8,76,3769,0.0201645,1,12,354,0.033898305
EDT,8,52,2907,0.017887857,10,47,2162,0.02173913
PB,8,73,1986,0.036757301,1,5,146,0.034246575
SR,8,54,2707,0.019948282,4,90,1231,0.073111292
SPM,8,73,2532,0.028830964,2,28,649,0.043143297
PCI,8,64,1601,0.039975016,1,5,132,0.037878788
LDP,8,49,2496,0.01963141,3,16,746,0.021447721
AES,8,52,2704,0.019230769,3,30,1787,0.016787913
NHE,8,62,2561,0.024209293,3,23,657,0.03500761
3HB,8,67,2675,0.025046729,3,33,1061,0.031102733
1GP,8,49,1889,0.025939651,3,34,862,0.039443155
BXP,8,103,3265,0.031546708,3,22,1287,0.017094017
IAC,8,66,3022,0.021839841,4,21,1213,0.017312448
AN2,8,106,3172,0.033417402,1,15,338,0.044378698
TCE,8,38,1743,0.021801492,9,51,3308,0.01541717
HC4,7,62,2178,0.028466483,2,17,418,0.040669856
NGT,7,74,4057,0.018240079,1,11,487,0.022587269
GAI,7,28,2504,0.011182109,2,11,245,0.044897959
PXG,7,118,2683,0.043980619,1,17,273,0.062271062
PUT,7,54,2505,0.021556886,1,10,345,0.028985507
AP2,7,105,2408,0.043604651,1,9,515,0.017475728
MGT,7,75,2343,0.032010243,4,25,721,0.034674064
OPE,7,47,1942,0.024201854,1,6,329,0.018237082
CTO,7,81,1912,0.042364017,1,14,471,0.029723992
AMG,7,80,1470,0.054421769,1,8,113,0.07079646
CNC,7,120,2252,0.053285968,1,15,240,0.0625
ACA,7,51,2487,0.020506634,2,8,622,0.012861736
CLM,7,76,1423,0.053408292,1,2,307,0.006514658
COH,7,118,1270,0.092913386,1,21,434,0.048387097
HBI,7,45,1474,0.030529172,2,22,728,0.03021978
DTR,7,52,1786,0.029115342,1,12,108,0.111111111
PGO,7,58,2710,0.021402214,2,14,489,0.028629857
ASG,7,68,3064,0.022193211,3,44,2337,0.018827557
LGC,7,66,3444,0.019163763,1,13,736,0.017663043
STE,7,128,1418,0.090267983,1,15,253,0.059288538
API,7,61,2342,0.026046114,5,36,935,0.038502674
2AN,7,70,1387,0.050468637,1,27,136,0.198529412
3AT,7,83,2823,0.029401346,1,16,288,0.055555556
ACN,7,38,2597,0.014632268,1,4,357,0.011204482
DA,7,55,2089,0.026328387,4,20,2649,0.007550019
IDR,7,46,2790,0.016487455,1,13,503,0.02584493
THJ,7,48,2388,0.020100503,2,12,851,0.014101058
F42,7,115,1519,0.075707702,1,12,130,0.092307692
DHC,7,64,1758,0.036405006,2,28,480,0.058333333
XMP,7,97,2610,0.037164751,1,12,204,0.058823529
TOY,7,67,1950,0.034358974,1,13,255,0.050980392
BDF,7,39,1671,0.023339318,7,64,2144,0.029850746
UQ2,7,46,1978,0.023255814,1,2,111,0.018018018
DSN,7,44,1891,0.023268112,3,12,790,0.015189873
BET,7,60,2353,0.025499363,1,8,272,0.029411765
3D1,7,65,2146,0.03028891,1,15,455,0.032967033
SKM,7,63,1879,0.033528473,2,32,1695,0.018879056
DMA,7,82,2207,0.037154508,4,44,954,0.046121593
U2F,7,133,2763,0.048136084,2,42,1138,0.036906854
GST,7,71,2587,0.027444917,4,52,1171,0.04440649
PGE,7,48,2589,0.018539977,12,90,5262,0.017103763
OAN,7,95,4220,0.022511848,1,16,319,0.05015674
TLA,7,54,2149,0.025127966,2,11,498,0.022088353
SRO,7,73,1961,0.037225905,3,25,1079,0.023169601
GGB,7,52,2333,0.022288898,3,25,1031,0.024248303
NEH,6,28,2148,0.013035382,1,3,148,0.02027027
EST,6,55,1374,0.040029112,3,25,969,0.025799794
MRY,6,29,2670,0.010861423,3,12,840,0.014285714
EIC,6,69,1716,0.04020979,3,35,1775,0.01971831
GNH,6,74,1556,0.047557841,1,14,211,0.066350711
RIP,6,37,1554,0.023809524,2,8,478,0.016736402
XAN,6,47,2150,0.021860465,3,27,863,0.031286211
HPA,6,52,2078,0.025024062,4,36,1026,0.035087719
1MZ,6,42,1349,0.031134173,1,4,178,0.02247191
ATR,6,73,1498,0.048731642,1,15,363,0.041322314
HCI,6,45,3252,0.013837638,2,13,644,0.020186335
ICT,6,64,2822,0.022678951,1,10,408,0.024509804
CYH,6,30,1789,0.016769145,1,4,279,0.014336918
PGH,6,75,1466,0.051159618,1,11,293,0.037542662
DCM,6,57,1131,0.050397878,7,64,1757,0.036425726
GCO,6,51,2376,0.021464646,1,3,406,0.007389163
COB,6,114,1661,0.068633353,1,28,239,0.117154812
H2S,6,28,1974,0.014184397,2,9,538,0.016728625
NAR,6,52,1399,0.037169407,2,21,580,0.036206897
MMC,6,23,1134,0.020282187,1,14,329,0.042553191
DGP,6,62,1735,0.03573487,1,12,333,0.036036036
PLG,6,73,2243,0.032545698,2,33,1243,0.026548673
MYC,6,70,2612,0.026799387,4,37,833,0.044417767
HSE,6,33,1969,0.016759777,3,21,1051,0.019980971
ONL,6,63,4034,0.015617253,1,11,498,0.022088353
DND,6,120,1438,0.083449235,2,30,882,0.034013605
CO8,6,102,1839,0.055464927,6,122,2954,0.041299932
4NC,6,53,2038,0.026005888,2,23,649,0.035439137
MNB,6,36,1012,0.035573123,2,11,418,0.026315789
HXA,6,79,1528,0.051701571,1,14,144,0.097222222
3PY,6,41,1976,0.020748988,3,27,832,0.032451923
UAP,6,34,1870,0.018181818,2,20,1288,0.01552795
DTT,6,38,1825,0.020821918,1,4,451,0.00886918
PAC,6,33,2276,0.014499121,2,8,476,0.016806723
EPH,6,48,990,0.048484848,1,25,348,0.07183908
AU,6,33,1318,0.025037936,1,6,219,0.02739726
BHO,6,49,2056,0.023832685,2,11,1385,0.007942238
N2P,6,45,1854,0.024271845,2,14,922,0.015184382
GCP,6,88,2347,0.037494674,1,11,290,0.037931034
16G,6,61,1567,0.038927888,1,13,368,0.035326087
A12,6,75,2260,0.033185841,1,11,222,0.04954955
PP9,6,126,1693,0.074424099,1,21,372,0.056451613
UD2,6,104,2272,0.045774648,5,71,2154,0.032961931
HQO,6,32,1576,0.020304569,2,17,984,0.017276423
SCA,6,91,2444,0.037234043,4,69,1284,0.053738318
MQ7,6,45,1293,0.034802784,3,26,1231,0.02112104
NCN,6,80,1835,0.04359673,2,33,779,0.042362003
IHS,6,79,1896,0.041666667,2,26,984,0.026422764
AMZ,6,73,1940,0.037628866,1,10,467,0.021413276
BAL,6,32,2390,0.013389121,1,3,449,0.006681514
AG2,6,46,2273,0.020237571,3,30,1063,0.028222013
A5A,6,86,2339,0.03676785,1,16,472,0.033898305
MXE,6,45,1824,0.024671053,5,25,1758,0.014220705
PTR,6,59,1247,0.047313553,2,16,349,0.045845272
RCO,6,46,1528,0.030104712,1,7,363,0.019283747
SLT,6,54,2136,0.025280899,1,7,880,0.007954545
NDS,6,42,2145,0.01958042,2,9,674,0.013353116
PXL,6,51,1751,0.029126214,1,5,290,0.017241379
G2P,6,71,4444,0.015976598,6,47,4334,0.010844485
ASO,6,52,2301,0.02259887,2,15,865,0.01734104
XUL,6,44,2822,0.015591779,1,11,425,0.025882353
P34,6,60,1193,0.050293378,1,7,206,0.033980583
HSX,6,60,1554,0.038610039,3,24,1187,0.02021904
ACH,6,43,1789,0.024035774,1,7,271,0.025830258
TSS,6,41,1299,0.031562741,3,21,1381,0.015206372
CE6,6,82,2563,0.031993757,1,19,318,0.059748428
2PN,6,48,2069,0.023199613,3,15,1170,0.012820513
211,6,34,2045,0.016625917,1,5,179,0.027932961
NA7,6,88,2176,0.040441176,1,17,411,0.04136253
MVL,6,62,3390,0.018289086,3,41,1490,0.027516779
AGI,6,46,1315,0.034980989,1,6,532,0.011278195
CT3,6,61,2375,0.025684211,1,11,310,0.035483871
2BA,6,61,897,0.068004459,6,61,2459,0.024806832
B3P,6,57,2092,0.027246654,1,11,525,0.020952381
DGJ,6,67,3684,0.018186754,2,17,1343,0.012658228
LU2,6,61,1189,0.051303616,2,17,716,0.023743017
SEY,6,170,1219,0.139458573,2,40,539,0.074211503
BMF,6,57,704,0.080965909,1,10,115,0.086956522
1KA,5,27,1747,0.015455066,1,10,242,0.041322314
TES,5,43,1251,0.034372502,6,55,2211,0.024875622
U10,5,62,1417,0.043754411,3,20,498,0.040160643
ETA,5,36,1428,0.025210084,2,4,1314,0.00304414
RTL,5,43,827,0.051995163,1,3,98,0.030612245
TCH,5,76,1217,0.062448644,2,23,712,0.032303371
IPD,5,48,1168,0.04109589,1,9,249,0.036144578
COD,5,72,2082,0.034582133,1,19,355,0.053521127
SBT,5,24,1318,0.018209408,1,4,293,0.013651877
G16,5,68,2457,0.027676028,1,16,525,0.03047619
KR,5,121,1349,0.089696071,5,100,1243,0.080450523
GCD,5,32,2971,0.010770784,5,24,2699,0.008892182
PQQ,5,79,2212,0.035714286,1,16,393,0.040712468
ENO,5,49,1161,0.042204996,2,17,457,0.037199125
DTB,5,49,1596,0.030701754,1,6,604,0.009933775
QPS,5,90,3337,0.026970333,1,23,503,0.045725646
PYZ,5,43,1732,0.02482679,1,7,276,0.025362319
PCR,5,38,1617,0.023500309,2,25,459,0.054466231
BA,5,34,1163,0.029234738,1,5,186,0.02688172
UGA,5,95,2265,0.041942605,1,19,296,0.064189189
MCT,5,66,1224,0.053921569,1,12,302,0.039735099
PIM,5,32,1961,0.016318205,1,3,463,0.006479482
TSA,5,57,796,0.07160804,1,11,73,0.150684932
PAM,5,51,1036,0.049227799,3,27,766,0.035248042
TRH,5,61,1461,0.041752225,2,39,637,0.06122449
GAB,5,36,1660,0.021686747,2,13,643,0.020217729
KMP,5,55,1387,0.039653929,1,11,227,0.04845815
MER,5,55,1511,0.036399735,2,25,674,0.037091988
CYC,5,119,1086,0.109576427,1,14,169,0.082840237
KIV,5,38,1783,0.021312395,1,8,577,0.013864818
128,5,48,1758,0.027303754,1,15,305,0.049180328
CPS,5,41,877,0.046750285,1,15,223,0.067264574
BEM,5,43,2073,0.020742885,4,43,1963,0.021905247
LGU,5,39,2510,0.015537849,1,16,483,0.033126294
DCZ,5,43,1337,0.032161556,1,8,220,0.036363636
HSO,5,45,1450,0.031034483,1,4,251,0.015936255
PIE,5,43,1343,0.03201787,2,15,517,0.02901354
PEF,5,46,1045,0.044019139,1,16,240,0.066666667
GTR,5,42,2019,0.020802377,5,35,2285,0.015317287
FON,5,70,2407,0.029081845,4,45,2037,0.022091311
DLY,5,32,1489,0.021490934,5,32,1013,0.031589339
JEF,5,22,1080,0.02037037,4,38,1226,0.030995106
MCA,5,78,2631,0.029646522,1,21,123,0.170731707
NH4,5,16,1418,0.011283498,2,15,788,0.019035533
GEN,5,35,1251,0.027977618,1,2,190,0.010526316
BML,5,70,1489,0.047011417,1,12,432,0.027777778
3GR,5,22,1287,0.017094017,1,6,236,0.025423729
P6G,5,38,1355,0.02804428,1,11,227,0.04845815
DCC,5,111,1210,0.091735537,1,22,161,0.136645963
NH3,5,18,1148,0.015679443,1,32,425,0.075294118
LEA,5,37,1061,0.034872762,1,5,377,0.013262599
FC6,5,28,1143,0.024496938,1,15,519,0.028901734
PL9,5,15,289,0.051903114,6,48,1303,0.036838066
OTP,5,54,1136,0.047535211,2,45,285,0.157894737
XLS,5,39,1901,0.020515518,1,11,425,0.025882353
5AD,5,46,2005,0.022942643,1,11,247,0.044534413
BRJ,5,59,1387,0.042537851,1,15,293,0.051194539
CM5,5,37,2201,0.016810541,4,19,813,0.023370234
AMV,5,35,1211,0.028901734,2,14,676,0.020710059
BO2,5,52,1466,0.035470668,2,22,402,0.054726368
P1T,5,84,1929,0.043545879,2,38,757,0.050198151
6NA,5,35,1721,0.020337013,6,35,2081,0.016818837
R78,5,48,743,0.064602961,3,25,477,0.052410901
PXN,5,24,2294,0.010462075,2,8,382,0.020942408
AIX,5,47,2172,0.021639042,2,10,1607,0.006222775
3AM,5,50,1570,0.031847134,1,8,166,0.048192771
RAF,5,51,2276,0.022407733,2,25,751,0.033288948
4MU,5,22,1976,0.011133603,1,11,346,0.031791908
HBX,5,45,1790,0.025139665,3,37,660,0.056060606
ALY,5,33,703,0.046941679,1,9,131,0.06870229
DAH,5,48,2003,0.023964054,1,7,141,0.04964539
DT,5,39,1441,0.027064539,2,6,1754,0.003420753
0O2,5,57,1896,0.030063291,2,20,580,0.034482759
AZM,4,40,986,0.040567951,2,19,347,0.054755043
ABN,4,24,1390,0.017266187,1,9,241,0.037344398
GN1,4,49,1627,0.030116779,2,11,431,0.025522042
CP,4,30,1545,0.019417476,1,8,327,0.024464832
MBN,4,37,1542,0.023994812,3,36,838,0.042959427
A1R,4,72,1146,0.062827225,2,40,463,0.086393089
GDN,4,58,808,0.071782178,1,17,224,0.075892857
ZMR,4,55,1596,0.034461153,1,15,740,0.02027027
E64,4,44,914,0.048140044,3,40,808,0.04950495
PH2,4,41,917,0.044711014,1,8,550,0.014545455
TSU,4,45,665,0.067669173,1,10,217,0.046082949
PCA,4,29,1319,0.021986353,3,26,820,0.031707317
PEB,4,129,358,0.360335196,1,21,172,0.122093023
TCA,4,30,2079,0.014430014,1,8,488,0.016393443
MOH,4,41,956,0.042887029,3,72,817,0.088127295
DAR,4,27,899,0.03003337,5,40,1129,0.035429584
FK5,4,38,733,0.051841746,1,5,368,0.013586957
PP3,4,39,1173,0.033248082,1,13,442,0.029411765
CMC,4,75,1252,0.059904153,5,81,1263,0.064133017
CUA,4,22,1431,0.015373864,2,12,394,0.030456853
BLG,4,55,1491,0.036887995,2,27,1055,0.025592417
PEA,4,22,1631,0.013488657,1,8,194,0.041237113
TOP,4,36,846,0.042553191,1,9,267,0.033707865
MCN,4,86,2375,0.036210526,1,29,719,0.040333797
DCA,4,38,1969,0.019299137,1,15,373,0.040214477
HAS,4,91,1598,0.056946183,1,6,275,0.021818182
EMC,4,28,1002,0.027944112,2,22,752,0.029255319
ADQ,4,93,1448,0.064226519,2,37,588,0.06292517
T44,4,39,1301,0.029976941,2,14,417,0.033573141
PAE,4,30,2346,0.012787724,1,6,157,0.038216561
PEL,4,27,1406,0.019203414,1,4,125,0.032
SMA,4,34,1022,0.033268102,1,15,439,0.034168565
FLU,4,34,1422,0.023909986,1,21,112,0.1875
A5P,4,46,1327,0.034664657,1,8,180,0.044444444
GTB,4,54,799,0.067584481,1,13,214,0.060747664
TAU,4,25,1486,0.016823688,2,17,626,0.02715655
PIO,4,25,877,0.028506271,13,73,4148,0.017598843
MAW,4,25,1818,0.013751375,1,9,120,0.075
RFP,4,55,2194,0.025068368,3,29,2330,0.012446352
CPQ,4,20,605,0.033057851,1,9,310,0.029032258
CAZ,4,57,1266,0.045023697,1,15,255,0.058823529
EGC,4,41,1327,0.03089676,1,6,261,0.022988506
PBC,4,25,1198,0.020868114,2,19,700,0.027142857
BER,4,34,738,0.046070461,2,10,1058,0.009451796
G6Q,4,48,1720,0.027906977,1,11,651,0.016897081
MFU,4,74,696,0.106321839,4,70,1242,0.056360709
MED,4,31,904,0.034292035,1,10,232,0.043103448
BZI,4,35,1176,0.029761905,2,6,455,0.013186813
TPO,4,34,1144,0.02972028,1,6,225,0.026666667
RIO,4,37,769,0.048114434,1,12,271,0.044280443
HDZ,4,21,693,0.03030303,1,3,473,0.006342495
RMN,4,37,1500,0.024666667,1,6,327,0.018348624
TNR,4,29,984,0.029471545,3,27,1906,0.014165792
AIN,4,22,1393,0.015793252,1,7,115,0.060869565
NCT,4,23,1219,0.018867925,3,19,1021,0.018609207
M1P,4,44,1377,0.031953522,1,9,893,0.010078387
TZD,4,73,2191,0.03331812,1,17,583,0.02915952
SM,4,29,1639,0.017693716,1,6,275,0.021818182
AAE,4,39,1399,0.027877055,2,17,513,0.033138402
KSA,4,61,1517,0.040210943,1,18,297,0.060606061
PBE,4,37,1170,0.031623932,1,10,259,0.038610039
DGI,4,50,892,0.056053812,2,25,525,0.047619048
FME,4,32,1147,0.027898867,4,11,1000,0.011
3TR,4,24,1826,0.013143483,1,5,164,0.030487805
D3T,4,43,1921,0.022384175,1,10,994,0.010060362
PIS,4,29,1298,0.022342065,1,7,369,0.01897019
GVE,4,28,830,0.03373494,1,5,140,0.035714286
VNL,4,64,1165,0.054935622,2,20,632,0.03164557
C0R,4,63,967,0.065149948,2,10,363,0.027548209
H4M,4,54,1076,0.050185874,1,10,279,0.035842294
EEE,4,18,1368,0.013157895,1,5,148,0.033783784
SA8,4,58,1169,0.049615056,1,10,532,0.018796992
BTI,4,34,4842,0.007021892,1,2,291,0.006872852
VCA,4,38,649,0.058551618,3,43,657,0.065449011
AT5,4,17,627,0.027113238,2,7,233,0.030042918
MNH,4,92,985,0.093401015,2,44,508,0.086614173
5ID,4,41,1263,0.032462391,4,60,1374,0.043668122
PCZ,4,47,1402,0.033523538,2,23,467,0.049250535
GIM,4,49,2708,0.018094535,1,7,340,0.020588235
LI,4,18,869,0.020713464,1,3,133,0.022556391
DU,4,37,1052,0.035171103,2,17,495,0.034343434
B29,4,90,1014,0.088757396,1,8,285,0.028070175
DHI,4,13,839,0.015494636,2,7,476,0.014705882
210,4,30,1706,0.017584994,1,9,331,0.027190332
DC,4,27,1217,0.022185703,2,10,622,0.01607717
FOA,4,38,2234,0.017009848,2,19,262,0.072519084
PBU,4,24,1509,0.015904573,1,5,124,0.040322581
ALE,4,31,1140,0.027192982,1,3,130,0.023076923
G39,4,49,1860,0.026344086,1,12,737,0.016282225
SHG,4,29,2147,0.013507219,1,9,347,0.025936599
ERY,4,51,2018,0.025272547,2,19,672,0.02827381
BM3,4,34,903,0.03765227,1,14,277,0.050541516
PIT,4,12,1360,0.008823529,2,35,738,0.047425474
KDH,4,48,465,0.103225806,1,49,575,0.085217391
EB4,4,52,856,0.060747664,2,22,940,0.023404255
1SQ,4,30,1290,0.023255814,1,6,162,0.037037037
6PC,4,27,1148,0.023519164,3,25,1013,0.024679171
4CS,4,33,1132,0.029151943,2,16,519,0.030828516
H35,4,40,923,0.043336945,1,7,160,0.04375
V55,4,37,1352,0.027366864,2,15,716,0.020949721
X8Z,4,41,1777,0.023072594,1,11,258,0.042635659
8XQ,4,43,1285,0.033463035,1,10,467,0.021413276
Y01,4,48,1585,0.030283912,28,532,16747,0.031766884
AH0,4,28,1221,0.022932023,2,6,684,0.00877193
AYE,4,35,823,0.042527339,8,39,2470,0.015789474
ABA,4,27,1274,0.021193093,1,5,309,0.01618123
CBK,4,41,1617,0.025355597,1,12,201,0.059701493
Z80,4,34,649,0.05238829,2,12,327,0.036697248
3AB,4,29,962,0.03014553,2,29,530,0.054716981
GGG,4,19,873,0.021764032,1,10,268,0.037313433
JZ3,4,36,1217,0.029580937,2,13,536,0.024253731
MB3,4,16,462,0.034632035,1,11,297,0.037037037
3CX,4,35,1192,0.029362416,2,14,681,0.020558003
8PR,4,60,2064,0.029069767,2,10,365,0.02739726
GFB,4,64,1357,0.047162859,1,4,33,0.121212121
78N,4,52,1432,0.036312849,1,60,404,0.148514851
8K6,4,24,1046,0.022944551,4,14,1564,0.008951407
MH0,4,69,767,0.089960887,1,16,121,0.132231405
O4B,4,39,809,0.048207664,16,101,3100,0.032580645
1VU,4,68,1140,0.059649123,4,86,1330,0.064661654
SAS,3,30,546,0.054945055,2,41,651,0.062980031
CNA,3,55,907,0.060639471,2,34,414,0.082125604
PAP,3,37,554,0.066787004,2,21,595,0.035294118
IOP,3,20,596,0.033557047,2,14,244,0.057377049
CHO,3,54,446,0.121076233,1,13,501,0.025948104
TSN,3,38,1423,0.026704146,1,11,270,0.040740741
CFF,3,20,1518,0.013175231,6,42,1615,0.026006192
NVA,3,19,1552,0.012242268,2,15,533,0.028142589
CEF,3,28,1419,0.019732206,5,59,1392,0.042385057
TAT,3,20,556,0.035971223,1,15,397,0.037783375
SHA,3,18,1622,0.011097411,1,6,161,0.037267081
NEN,3,19,835,0.022754491,1,4,301,0.013289037
H4B,3,27,778,0.03470437,1,10,414,0.024154589
HY1,3,18,1185,0.015189873,1,8,611,0.01309329
FFO,3,54,1294,0.041731066,2,27,732,0.036885246
IP2,3,13,977,0.013306039,1,2,110,0.018181818
RDF,3,44,1267,0.034727703,1,12,398,0.030150754
UVW,3,23,872,0.026376147,2,8,514,0.015564202
TPF,3,23,1344,0.017113095,2,15,901,0.016648169
CHD,3,49,661,0.074130106,2,21,486,0.043209877
PDA,3,55,1103,0.049864007,2,27,747,0.036144578
ESA,3,16,593,0.02698145,1,3,112,0.026785714
HSA,3,24,922,0.026030369,1,10,245,0.040816327
OSB,3,39,960,0.040625,1,12,471,0.025477707
SRY,3,20,539,0.037105751,2,19,510,0.037254902
KIF,3,32,2199,0.014552069,1,9,423,0.021276596
N,3,25,668,0.03742515,1,4,191,0.020942408
YB,3,13,1832,0.00709607,1,9,320,0.028125
ACE,3,14,925,0.015135135,3,15,809,0.018541409
GA,3,15,240,0.0625,1,4,303,0.01320132
LXC,3,14,1065,0.01314554,1,6,324,0.018518519
C15,3,13,1480,0.008783784,2,14,836,0.016746411
GCV,3,25,1414,0.017680339,4,30,1403,0.021382751
LUM,3,22,524,0.041984733,1,16,91,0.175824176
DAS,3,26,832,0.03125,3,31,999,0.031031031
NG6,3,16,1757,0.009106431,2,28,926,0.030237581
LPA,3,20,673,0.029717682,2,23,635,0.036220472
PTD,3,35,1082,0.032347505,4,10,926,0.010799136
RIT,3,47,720,0.065277778,1,16,447,0.035794183
DM2,3,33,2526,0.013064133,3,16,523,0.030592734
NCO,3,8,715,0.011188811,1,8,249,0.032128514
2AS,3,31,1240,0.025,1,10,217,0.046082949
STI,3,43,810,0.05308642,2,26,468,0.055555556
LIP,3,41,897,0.045707915,1,6,330,0.018181818
GTA,3,38,715,0.053146853,3,36,1605,0.022429907
MGP,3,34,498,0.068273092,7,60,1991,0.03013561
PAB,3,39,1151,0.033883579,1,6,593,0.010118044
MHA,3,33,917,0.035986914,6,47,2016,0.023313492
DXP,3,22,1110,0.01981982,1,12,222,0.054054054
1AC,3,22,1402,0.015691869,1,5,294,0.017006803
AZA,3,21,688,0.030523256,1,8,356,0.02247191
VDY,3,26,868,0.029953917,1,14,115,0.12173913
137,3,47,630,0.074603175,1,17,248,0.068548387
PE7,3,15,1131,0.013262599,1,5,336,0.014880952
ORO,3,25,821,0.03045067,1,11,370,0.02972973
LYA,3,53,903,0.058693245,2,19,620,0.030645161
TFB,3,20,2839,0.007044734,1,6,273,0.021978022
HTL,3,55,2567,0.021425789,1,12,541,0.022181146
GS1,3,24,1426,0.016830295,1,17,411,0.04136253
LAE,3,37,669,0.055306428,1,8,314,0.025477707
HEE,3,21,496,0.04233871,1,9,355,0.025352113
DHF,3,34,903,0.03765227,1,9,332,0.027108434
CPL,3,75,1036,0.072393822,10,96,3814,0.025170425
TRT,3,41,570,0.071929825,14,96,3264,0.029411765
2HA,3,18,1124,0.016014235,1,4,162,0.024691358
DXE,3,17,938,0.018123667,1,11,350,0.031428571
SHV,3,16,522,0.030651341,1,6,131,0.045801527
8OG,3,19,459,0.041394336,1,5,288,0.017361111
TBN,3,48,819,0.058608059,2,25,585,0.042735043
AC2,3,29,793,0.036569987,1,10,227,0.044052863
FUA,3,48,1396,0.034383954,2,17,1324,0.012839879
MEV,3,27,1003,0.026919242,1,4,298,0.013422819
PA1,3,17,1307,0.013006886,2,12,811,0.014796547
TDA,3,27,562,0.048042705,1,11,151,0.072847682
DDS,3,36,1516,0.023746702,1,11,545,0.020183486
RUB,3,33,1044,0.031609195,1,6,214,0.028037383
EP1,3,21,744,0.028225806,1,4,231,0.017316017
RIS,3,29,966,0.030020704,1,12,328,0.036585366
GAD,3,25,1469,0.01701838,2,18,1275,0.014117647
CAO,3,58,745,0.077852349,1,18,245,0.073469388
12P,3,26,657,0.03957382,2,16,627,0.025518341
ART,3,15,709,0.021156559,1,6,808,0.007425743
OIN,3,26,525,0.04952381,1,12,433,0.027713626
VK3,3,18,511,0.035225049,1,5,438,0.011415525
AAL,3,29,1154,0.025129983,2,17,978,0.017382413
KMT,3,26,851,0.030552291,1,10,399,0.025062657
4PT,3,26,531,0.048964218,1,5,125,0.04
THH,3,43,813,0.052890529,1,3,302,0.009933775
8GT,3,32,738,0.043360434,2,22,596,0.036912752
DOR,3,31,1047,0.029608405,1,10,357,0.028011204
OH,3,11,1202,0.009151414,1,5,296,0.016891892
P6L,3,30,1159,0.025884383,2,8,720,0.011111111
FUN,3,22,469,0.046908316,2,15,317,0.047318612
HC3,3,45,864,0.052083333,4,41,747,0.054886212
TEP,3,26,902,0.028824834,3,22,1059,0.020774315
NFA,3,26,632,0.041139241,1,8,199,0.040201005
DQR,3,34,1655,0.020543807,2,24,883,0.027180068
FDE,3,50,948,0.052742616,1,13,124,0.10483871
NMY,3,36,866,0.041570439,2,18,501,0.035928144
PUY,3,40,1253,0.031923384,2,26,1873,0.013881474
MIY,3,26,1494,0.017402945,1,12,195,0.061538462
MEE,3,9,1311,0.006864989,1,3,239,0.012552301
GNS,3,15,577,0.025996534,2,28,1165,0.024034335
TDL,3,47,1656,0.028381643,1,24,1140,0.021052632
TOU,3,18,262,0.06870229,1,11,268,0.041044776
12Q,3,20,370,0.054054054,2,13,218,0.059633028
MNR,3,49,620,0.079032258,1,17,120,0.141666667
MIX,3,52,1149,0.045256745,1,4,327,0.012232416
SOP,3,48,1074,0.044692737,1,23,144,0.159722222
NTO,3,28,947,0.029567054,2,13,886,0.014672686
AC6,3,15,796,0.018844221,1,9,317,0.028391167
1N1,3,39,936,0.041666667,1,16,271,0.05904059
COO,3,39,1334,0.029235382,3,28,1280,0.021875
YYY,3,29,639,0.045383412,1,13,214,0.060747664
JN3,3,48,572,0.083916084,1,10,174,0.057471264
9MR,3,30,1259,0.023828435,1,7,693,0.01010101
LSA,3,39,875,0.044571429,1,4,163,0.024539877
KYN,3,20,1215,0.016460905,1,13,429,0.03030303
NOK,3,30,1993,0.015052684,1,11,322,0.034161491
LZ1,3,18,942,0.01910828,2,9,296,0.030405405
FB2,3,25,894,0.027964206,1,3,575,0.005217391
ST9,3,73,529,0.137996219,2,63,889,0.070866142
UQ8,3,77,594,0.12962963,6,91,1533,0.059360731
XI7,3,23,1066,0.021575985,2,11,374,0.029411765
2HG,3,27,1264,0.021360759,3,31,1117,0.02775291
S1P,3,29,568,0.051056338,1,3,143,0.020979021
PAZ,3,32,878,0.036446469,1,12,299,0.040133779
FTN,3,10,521,0.019193858,1,6,132,0.045454545
3CN,3,16,638,0.02507837,1,3,305,0.009836066
FUB,3,24,1254,0.019138756,5,45,1843,0.024416712
NGC,3,24,566,0.042402827,1,9,301,0.029900332
PA0,3,11,702,0.015669516,1,4,143,0.027972028
P6F,3,51,981,0.051987768,1,16,334,0.047904192
TS6,3,14,1085,0.012903226,1,8,475,0.016842105
DX4,3,21,726,0.02892562,1,12,315,0.038095238
GTQ,3,28,725,0.03862069,1,13,324,0.040123457
CEX,3,41,2826,0.014508139,2,43,1841,0.023356871
BDR,3,31,786,0.039440204,1,7,133,0.052631579
1RG,3,34,696,0.048850575,2,17,739,0.02300406
XG4,3,48,1625,0.029538462,4,62,1671,0.037103531
BXA,3,28,892,0.031390135,1,10,432,0.023148148
BUD,3,16,681,0.02349486,1,21,484,0.04338843
CIY,3,26,1208,0.021523179,2,17,858,0.01981352
BYC,3,73,1359,0.053715968,1,19,358,0.053072626
11A,3,24,849,0.028268551,2,7,583,0.012006861
EVP,3,17,1236,0.013754045,1,5,719,0.006954103
JMS,3,26,1294,0.020092736,1,13,305,0.042622951
PHU,3,17,391,0.043478261,1,8,284,0.028169014
DB8,3,35,968,0.036157025,2,37,519,0.071290944
H6P,3,27,810,0.033333333,1,7,184,0.038043478
POG,3,19,772,0.024611399,3,49,1495,0.03277592
RTZ,3,40,1989,0.020110608,2,11,366,0.030054645
ISJ,3,30,630,0.047619048,1,10,482,0.020746888
GD,3,15,742,0.020215633,2,10,591,0.016920474
78M,3,60,930,0.064516129,4,192,1164,0.164948454
0KX,3,35,1104,0.031702899,5,62,1634,0.037943696
RB0,3,35,1084,0.032287823,1,6,440,0.013636364
1FZ,3,37,1062,0.034839925,2,29,793,0.036569987
BYZ,3,72,997,0.07221665,1,7,281,0.024911032
KH2,3,31,1460,0.021232877,1,5,232,0.021551724
17F,3,17,1300,0.013076923,2,9,374,0.024064171
NVU,3,34,750,0.045333333,1,6,161,0.037267081
QI9,3,22,877,0.025085519,1,13,229,0.056768559
X6X,3,45,730,0.061643836,1,9,242,0.037190083
UN1,3,28,1098,0.025500911,1,2,465,0.004301075
43Y,3,26,1134,0.02292769,1,8,436,0.018348624
HYP,2,19,638,0.029780564,3,26,2417,0.010757137
GGL,2,16,249,0.064257028,4,38,1506,0.025232404
TBP,2,11,241,0.045643154,1,10,435,0.022988506
ES3,2,15,429,0.034965035,2,11,433,0.025404157
1KP,2,13,230,0.056521739,1,15,316,0.047468354
OXE,2,17,386,0.044041451,1,2,112,0.017857143
PSE,2,12,394,0.030456853,1,6,337,0.017804154
GPE,2,13,630,0.020634921,1,2,455,0.004395604
4AP,2,14,500,0.028,1,10,159,0.062893082
NVI,2,18,596,0.030201342,1,5,177,0.028248588
2AP,2,15,499,0.03006012,1,4,391,0.010230179
2MZ,2,13,535,0.024299065,1,5,189,0.026455026
SAN,2,12,1993,0.006021074,1,19,239,0.079497908
GTD,2,25,401,0.06234414,1,4,119,0.033613445
TCK,2,22,693,0.031746032,1,11,204,0.053921569
AC1,2,36,940,0.038297872,3,30,1496,0.020053476
SHF,2,17,578,0.029411765,1,7,369,0.01897019
NAX,2,31,786,0.039440204,1,21,483,0.043478261
PLS,2,25,760,0.032894737,2,26,848,0.030660377
35G,2,22,279,0.078853047,1,16,804,0.019900498
CTC,2,22,551,0.039927405,2,33,593,0.055649241
TEM,2,14,508,0.027559055,1,8,269,0.029739777
PT1,2,25,513,0.048732943,1,15,574,0.026132404
ERG,2,24,511,0.046966732,4,48,1776,0.027027027
T6P,2,35,521,0.067178503,1,17,448,0.037946429
HFA,2,23,632,0.036392405,1,11,320,0.034375
TAR,2,15,810,0.018518519,1,10,270,0.037037037
PRE,2,22,449,0.048997773,1,10,80,0.125
CMX,2,35,826,0.042372881,1,16,128,0.125
FOH,2,24,765,0.031372549,2,17,207,0.082125604
LA,2,18,769,0.023407022,1,5,117,0.042735043
UDX,2,33,667,0.049475262,4,78,2182,0.035747021
AAG,2,20,542,0.036900369,1,8,146,0.054794521
PSF,2,18,228,0.078947368,3,12,749,0.016021362
4MZ,2,9,401,0.02244389,2,14,323,0.043343653
HAR,2,18,738,0.024390244,1,12,328,0.036585366
MQ9,2,19,577,0.032928943,6,59,1919,0.03074518
NFG,2,22,850,0.025882353,1,6,364,0.016483516
F43,2,28,799,0.035043805,1,3,440,0.006818182
GCH,2,28,223,0.125560538,1,16,310,0.051612903
BPY,2,33,540,0.061111111,1,12,376,0.031914894
NBG,2,21,1156,0.01816609,1,7,363,0.019283747
MG7,2,13,578,0.022491349,1,5,1203,0.004156276
P4P,2,18,606,0.02970297,1,3,273,0.010989011
CRT,2,32,347,0.09221902,2,10,134,0.074626866
HCC,2,20,472,0.042372881,2,14,351,0.03988604
DTN,2,13,855,0.015204678,2,9,683,0.01317716
BB2,2,33,353,0.093484419,3,35,1873,0.018686599
PA5,2,25,461,0.054229935,1,11,545,0.020183486
ISQ,2,8,287,0.027874564,1,8,329,0.024316109
HDD,2,45,1134,0.03968254,2,19,834,0.022781775
NIN,2,6,494,0.012145749,1,8,212,0.037735849
IAS,2,10,782,0.012787724,2,5,568,0.008802817
4SP,2,29,531,0.054613936,1,10,261,0.038314176
LMS,2,27,1159,0.023295945,1,10,249,0.040160643
RNP,2,19,752,0.025265957,1,4,230,0.017391304
DO3,2,8,568,0.014084507,2,12,648,0.018518519
SWF,2,24,1019,0.023552502,1,11,397,0.027707809
ELA,2,26,384,0.067708333,1,3,143,0.020979021
MDN,2,10,756,0.013227513,3,15,1010,0.014851485
EPA,2,32,792,0.04040404,1,8,413,0.01937046
TAS,2,8,682,0.011730205,1,4,111,0.036036036
UVC,2,25,284,0.088028169,1,11,336,0.032738095
CVI,2,16,354,0.04519774,3,35,900,0.038888889
MGR,2,20,339,0.05899705,1,17,174,0.097701149
145,2,34,1307,0.026013772,1,8,149,0.053691275
2FG,2,21,1573,0.013350286,1,11,407,0.027027027
2DG,2,21,1638,0.012820513,1,8,829,0.009650181
G4S,2,12,594,0.02020202,3,37,1165,0.031759657
B96,2,36,597,0.060301508,1,15,267,0.056179775
DBS,2,16,447,0.035794183,1,10,251,0.039840637
LYC,2,18,81,0.222222222,1,7,50,0.14
3CH,2,21,343,0.06122449,1,9,434,0.020737327
PHN,2,14,412,0.033980583,4,34,1088,0.03125
AXL,2,20,603,0.033167496,1,12,503,0.023856859
BUL,2,25,289,0.08650519,1,14,599,0.023372287
3OH,2,17,526,0.032319392,1,2,289,0.006920415
DPR,2,4,257,0.015564202,1,12,1204,0.009966777
SMN,2,22,654,0.033639144,1,12,323,0.037151703
2SA,2,34,852,0.039906103,1,2,475,0.004210526
QUS,2,23,917,0.025081788,2,22,1554,0.014157014
CH1,2,20,2447,0.008173273,1,5,1480,0.003378378
U3P,2,16,299,0.053511706,1,8,340,0.023529412
OMO,2,14,920,0.015217391,1,3,268,0.01119403
ASE,2,22,582,0.037800687,1,15,330,0.045454545
MTH,2,29,451,0.064301552,1,13,260,0.05
152,2,26,1066,0.024390244,3,22,947,0.023231257
GET,2,17,631,0.026941363,1,15,304,0.049342105
ANN,2,17,505,0.033663366,2,14,719,0.019471488
DTY,2,19,793,0.023959647,1,2,83,0.024096386
DXX,2,12,768,0.015625,2,10,781,0.012804097
2PO,2,7,1112,0.006294964,3,12,619,0.019386107
GEO,2,23,622,0.036977492,1,9,218,0.041284404
BHA,2,12,500,0.024,2,12,287,0.041811847
MYT,2,17,848,0.02004717,1,6,460,0.013043478
MTP,2,36,551,0.065335753,1,24,290,0.082758621
DBV,2,15,241,0.062240664,1,23,241,0.095435685
PHT,2,15,630,0.023809524,2,17,617,0.027552674
NCC,2,12,589,0.020373514,3,45,752,0.059840426
FU2,2,15,466,0.032188841,1,4,326,0.012269939
8BR,2,25,428,0.058411215,2,29,559,0.051878354
ALL,2,17,304,0.055921053,1,2,229,0.008733624
IPR,2,20,627,0.031897927,2,17,347,0.048991354
9MG,2,15,295,0.050847458,1,10,260,0.038461538
YT3,2,6,454,0.013215859,1,16,101,0.158415842
BO3,2,14,814,0.017199017,1,6,268,0.02238806
AST,2,11,1651,0.006662629,1,5,809,0.00618047
PLX,2,5,637,0.007849294,20,105,4090,0.025672372
OS,2,7,746,0.009383378,1,3,111,0.027027027
MCR,2,14,734,0.019073569,1,7,214,0.03271028
B3N,2,33,990,0.033333333,1,13,333,0.039039039
PYD,2,15,943,0.015906681,1,11,156,0.070512821
SUP,2,25,675,0.037037037,1,13,387,0.033591731
GAF,2,22,1043,0.021093001,1,12,406,0.02955665
WBU,2,13,339,0.038348083,1,11,352,0.03125
BT5,2,45,536,0.083955224,1,27,220,0.122727273
8DG,2,28,483,0.057971014,4,55,863,0.06373117
BAP,2,9,912,0.009868421,1,2,431,0.004640371
3SA,2,27,1107,0.024390244,1,20,461,0.043383948
NH2,2,4,447,0.008948546,3,7,613,0.01141925
F15,2,37,780,0.047435897,2,16,986,0.016227181
AHD,2,13,1109,0.011722272,1,10,293,0.034129693
3NP,2,15,861,0.017421603,1,4,423,0.009456265
P3A,2,31,597,0.051926298,1,2,591,0.003384095
T3A,2,16,780,0.020512821,1,7,332,0.021084337
XMM,2,32,648,0.049382716,1,8,221,0.036199095
AGH,2,27,466,0.057939914,1,2,124,0.016129032
SC2,2,7,341,0.020527859,1,7,840,0.008333333
MNM,2,24,1831,0.013107591,1,9,340,0.026470588
TP5,2,21,600,0.035,1,9,214,0.042056075
CLT,2,10,696,0.014367816,2,16,1286,0.01244168
TUD,2,27,358,0.075418994,1,10,302,0.033112583
1FL,2,36,649,0.055469954,2,18,687,0.026200873
IYZ,2,23,536,0.042910448,1,12,326,0.036809816
MLD,2,27,495,0.054545455,1,13,141,0.092198582
23D,2,28,567,0.049382716,1,11,286,0.038461538
MSL,2,20,503,0.039761431,1,10,419,0.023866348
ITT,2,36,353,0.101983003,1,10,218,0.04587156
16C,2,26,658,0.039513678,1,4,272,0.014705882
3HL,2,16,546,0.029304029,2,14,719,0.019471488
NGY,2,9,380,0.023684211,1,5,172,0.029069767
BVF,2,15,689,0.021770682,1,5,163,0.030674847
MGX,2,10,422,0.023696682,1,5,225,0.022222222
VX6,2,31,596,0.052013423,1,17,246,0.069105691
BFQ,2,20,595,0.033613445,2,20,782,0.025575448
LOP,2,48,1135,0.042290749,1,22,326,0.067484663
BRN,2,15,885,0.016949153,1,9,215,0.041860465
VD3,2,33,595,0.055462185,1,9,417,0.021582734
C2R,2,27,372,0.072580645,1,13,406,0.032019704
MMZ,2,7,1026,0.006822612,1,3,442,0.00678733
H8H,2,26,704,0.036931818,2,34,555,0.061261261
4MA,2,13,1002,0.012974052,1,8,385,0.020779221
CO6,2,31,1265,0.024505929,2,38,476,0.079831933
ACK,2,21,477,0.044025157,2,23,1182,0.019458545
J60,2,26,683,0.03806735,1,9,675,0.013333333
J01,2,32,642,0.049844237,1,14,263,0.053231939
B6D,2,10,337,0.029673591,1,4,152,0.026315789
ANW,2,17,578,0.029411765,1,8,591,0.013536379
TXP,2,48,437,0.109839817,1,19,265,0.071698113
A2R,2,31,596,0.052013423,1,18,155,0.116129032
BTM,2,24,668,0.035928144,1,10,294,0.034013605
OYA,2,12,644,0.01863354,1,9,393,0.022900763
RM4,2,17,504,0.033730159,4,49,839,0.058402861
TDZ,2,29,574,0.050522648,1,13,440,0.029545455
NNR,2,18,394,0.045685279,1,8,357,0.022408964
ML1,2,18,376,0.04787234,1,14,331,0.042296073
QSO,2,22,592,0.037162162,1,13,220,0.059090909
KO2,2,11,429,0.025641026,1,6,273,0.021978022
C6P,2,37,705,0.05248227,2,27,767,0.035202086
PGW,2,31,684,0.045321637,6,65,2525,0.025742574
CAT,2,21,630,0.033333333,1,5,112,0.044642857
HPP,2,12,728,0.016483516,1,5,275,0.018181818
H2U,2,24,650,0.036923077,1,10,334,0.02994012
TB,2,5,821,0.006090134,4,16,1985,0.008060453
KDN,2,13,456,0.028508772,1,11,486,0.022633745
LMT,2,51,1312,0.038871951,1,13,360,0.036111111
HCY,2,25,603,0.04145937,3,22,402,0.054726368
ALO,2,8,554,0.014440433,1,8,311,0.025723473
PAR,2,25,554,0.045126354,1,9,256,0.03515625
CL6,2,19,799,0.023779725,3,26,1154,0.022530329
ZZ7,2,18,587,0.030664395,2,22,488,0.045081967
NM2,2,17,865,0.019653179,1,9,339,0.026548673
VGL,2,15,358,0.041899441,2,15,373,0.040214477
X0V,2,17,434,0.039170507,1,4,155,0.025806452
DPV,2,10,251,0.039840637,3,14,456,0.030701754
DG,2,17,598,0.028428094,1,5,301,0.016611296
DSL,2,37,874,0.042334096,1,15,1039,0.014436959
B49,2,25,553,0.045207957,3,37,1274,0.029042386
AOV,2,39,3928,0.009928717,2,27,796,0.033919598
YDJ,2,30,528,0.056818182,2,24,503,0.047713718
EDG,2,16,847,0.018890201,1,9,293,0.030716724
BMX,2,31,541,0.057301294,2,29,506,0.057312253
REF,2,15,1127,0.013309672,1,3,213,0.014084507
1NP,2,26,482,0.053941909,1,10,314,0.031847134
DLZ,2,16,329,0.048632219,1,18,494,0.036437247
KAA,2,33,406,0.081280788,1,23,483,0.047619048
LB2,2,25,841,0.029726516,1,7,441,0.015873016
SOE,2,8,553,0.014466546,1,8,370,0.021621622
11D,2,44,665,0.066165414,1,22,251,0.087649402
MLB,2,13,903,0.014396456,2,23,988,0.023279352
SKE,2,25,603,0.04145937,3,38,806,0.047146402
SAU,2,20,907,0.022050717,1,6,198,0.03030303
XIN,2,32,570,0.056140351,1,17,298,0.05704698
CBY,2,35,550,0.063636364,1,12,218,0.055045872
HYN,2,11,775,0.014193548,3,15,383,0.039164491
SP5,2,21,819,0.025641026,2,18,630,0.028571429
G2I,2,25,819,0.030525031,1,26,674,0.038575668
TBY,2,19,452,0.042035398,1,12,256,0.046875
PFF,2,23,761,0.03022339,1,13,429,0.03030303
4OA,2,27,495,0.054545455,1,7,297,0.023569024
7PE,2,11,453,0.024282561,1,7,250,0.028
T3Q,2,27,474,0.056962025,1,27,371,0.07277628
3DM,2,21,975,0.021538462,2,15,714,0.021008403
5H1,2,11,820,0.013414634,1,10,326,0.030674847
2HE,2,13,610,0.021311475,1,11,442,0.024886878
MXN,2,21,676,0.031065089,2,16,350,0.045714286
AX7,2,11,506,0.02173913,5,30,1662,0.018050542
PT5,2,13,358,0.036312849,1,9,345,0.026086957
PE0,2,9,312,0.028846154,2,15,702,0.021367521
CE3,2,32,390,0.082051282,1,16,325,0.049230769
J3Z,2,17,476,0.035714286,1,8,270,0.02962963
JZ0,2,19,346,0.054913295,1,6,131,0.045801527
PNK,2,25,479,0.052192067,1,10,256,0.0390625
0LI,2,41,543,0.075506446,2,38,502,0.075697211
BZ2,2,13,741,0.01754386,1,6,182,0.032967033
1CY,2,21,685,0.030656934,1,6,243,0.024691358
DLE,2,5,364,0.013736264,4,15,733,0.020463847
ECL,2,31,814,0.038083538,1,5,584,0.008561644
QIC,2,20,522,0.038314176,2,23,616,0.037337662
JZR,2,13,385,0.033766234,1,9,253,0.035573123
IP8,2,20,478,0.041841004,1,2,206,0.009708738
RE,2,5,240,0.020833333,1,3,344,0.00872093
4CH,2,12,528,0.022727273,1,8,435,0.018390805
KKK,2,20,773,0.025873221,1,15,432,0.034722222
JKE,2,10,335,0.029850746,1,9,251,0.035856574
5SP,2,28,398,0.070351759,1,3,673,0.004457652
TCI,2,17,417,0.040767386,1,11,126,0.087301587
VOR,2,19,935,0.020320856,1,9,448,0.020089286
ABV,2,17,449,0.037861915,1,8,207,0.038647343
HCD,2,23,566,0.040636042,1,11,229,0.048034934
SGV,2,22,921,0.023887079,1,21,293,0.071672355
KOU,2,34,853,0.03985932,1,21,373,0.056300268
NPX,2,24,831,0.028880866,1,10,175,0.057142857
QEL,2,13,1468,0.008855586,1,4,302,0.013245033
PZE,2,7,739,0.00947226,1,4,154,0.025974026
HL6,2,24,511,0.046966732,1,6,269,0.022304833
PZA,2,13,958,0.013569937,1,5,162,0.030864198
DSZ,2,27,481,0.056133056,1,21,560,0.0375
NFU,2,25,1138,0.021968366,3,33,1225,0.026938776
UQ9,2,20,576,0.034722222,2,13,491,0.026476578
TIY,2,16,548,0.02919708,1,8,421,0.019002375
T3Y,2,19,218,0.087155963,2,10,131,0.076335878
HY0,2,27,531,0.050847458,1,11,311,0.035369775
08T,2,30,548,0.054744526,3,45,1226,0.036704731
0V5,2,29,739,0.039242219,1,5,417,0.011990408
K36,2,25,324,0.077160494,1,11,295,0.037288136
VN3,2,15,446,0.033632287,2,10,564,0.017730496
2MR,2,12,250,0.048,4,28,932,0.030042918
0JO,2,38,740,0.051351351,3,50,1091,0.045829514
MMV,2,30,681,0.044052863,1,11,148,0.074324324
0LA,2,18,886,0.020316027,1,11,363,0.03030303
RWZ,2,22,600,0.036666667,1,10,419,0.023866348
0R0,2,19,598,0.031772575,2,13,456,0.028508772
FVX,2,29,896,0.032366071,1,11,533,0.020637899
TLF,2,21,871,0.024110218,1,12,252,0.047619048
SYN,2,10,891,0.011223345,2,10,813,0.012300123
1N7,2,18,594,0.03030303,8,43,5272,0.008156297
AKR,2,15,814,0.018427518,1,4,186,0.021505376
1P8,2,18,742,0.02425876,1,6,113,0.053097345
MEW,2,15,663,0.022624434,1,4,302,0.013245033
1LQ,2,14,657,0.02130898,1,5,162,0.030864198
T6C,2,20,336,0.05952381,2,17,552,0.030797101
BU9,2,16,1408,0.011363636,1,5,500,0.01
1S6,2,23,586,0.039249147,1,13,662,0.019637462
2F8,2,9,340,0.026470588,1,5,119,0.042016807
6MD,2,19,501,0.037924152,1,10,155,0.064516129
2KH,2,21,674,0.03115727,8,78,4811,0.016212846
2LO,2,19,224,0.084821429,1,11,109,0.100917431
10,2,18,620,0.029032258,2,6,497,0.012072435
TYZ,2,8,139,0.057553957,1,5,162,0.030864198
UEG,2,16,406,0.039408867,1,7,287,0.024390244
M1V,2,21,221,0.095022624,1,21,159,0.132075472
1RY,2,23,1293,0.01778809,1,11,537,0.020484171
P2E,2,14,413,0.033898305,1,14,271,0.051660517
37X,2,52,660,0.078787879,1,3,161,0.01863354
MFK,2,43,411,0.104622871,2,33,646,0.051083591
4LU,2,22,696,0.031609195,2,30,926,0.032397408
WCA,2,36,542,0.066420664,2,37,485,0.07628866
4YH,2,16,889,0.01799775,1,12,1262,0.009508716
TME,2,12,649,0.018489985,1,5,577,0.008665511
IVC,2,43,1203,0.035743973,1,16,195,0.082051282
4U0,2,10,522,0.019157088,1,7,880,0.007954545
GBM,2,19,744,0.025537634,1,12,1410,0.008510638
44E,2,12,266,0.045112782,3,27,1260,0.021428571
OOG,2,21,546,0.038461538,4,37,1541,0.024010383
5JC,2,17,347,0.048991354,1,7,130,0.053846154
6C7,2,24,731,0.032831737,1,13,349,0.037249284
6OE,2,10,459,0.021786492,1,8,696,0.011494253
03S,2,10,952,0.010504202,3,14,801,0.017478152
OK3,2,23,548,0.041970803,2,25,603,0.04145937
5U5,2,33,534,0.061797753,1,12,300,0.04
GVX,2,27,402,0.067164179,1,17,224,0.075892857