ligand,N_protein,N_pos,N_neg,PNratio,Domain
ZN,918,4503,217140,0.020737773,9
ANP,36,491,13898,0.035328824,2
MG,612,2192,191777,0.011429942,9
GNP,9,125,2844,0.04395218,2
III,540,7358,120924,0.060848136,1
HEM,103,2409,21848,0.110261809,8
NUC,728,16096,148489,0.108398602,1
HC4,1,12,113,0.10619469,3
CA,611,3596,181914,0.019767582,9
FE,98,492,29133,0.016888065,9
WT4,1,16,313,0.051118211,0
IM2,3,27,963,0.028037383,7
0OR,1,12,433,0.027713626,1
SEP,4,34,508,0.066929134,1
INS,6,58,1629,0.035604665,5
CO3,12,63,3488,0.018061927,5
GSH,42,437,9643,0.045317847,5
FOL,6,71,1907,0.037231253,0
BOG,7,60,2492,0.024077047,7
PAO,1,14,335,0.041791045,1
GAI,1,7,342,0.020467836,5
B9D,1,11,1013,0.010858835,7
IOD,16,246,2701,0.091077379,9
APB,1,8,324,0.024691358,3
MN,149,673,46935,0.014338979,9
FES,23,188,5805,0.032385874,9
C2E,9,121,1425,0.084912281,2
1KP,1,4,93,0.043010753,3
SAH,77,1225,21909,0.055913095,0
ASN,3,20,584,0.034246575,5
NAG,33,268,8967,0.029887365,7
U,1,2,145,0.013793103,1
CFO,1,10,108,0.092592593,9
GTP,20,254,7637,0.033259133,2
BEZ,8,79,2292,0.034467714,3
ARA,4,38,1055,0.036018957,7
ARB,3,28,995,0.028140704,7
HIS,12,102,4042,0.025235032,7
GLC,37,340,12364,0.027499191,7
FRU,8,55,1988,0.027665996,7
FAA,1,27,528,0.051136364,2
WO4,9,69,2034,0.033923304,9
SO4,68,467,17951,0.026015264,9
BGC,50,425,17881,0.023768246,7
G6D,1,2,164,0.012195122,7
FMN,74,1161,17474,0.06644157,2
1PN,1,10,229,0.043668122,7
BLA,3,41,470,0.087234043,0
M1A,1,4,287,0.013937282,3
ACO,28,526,6078,0.086541626,2
PLP,45,544,17896,0.030397854,1
ATP,73,970,21253,0.045640615,2
ARG,14,104,5056,0.02056962,5
NA,18,118,4427,0.026654619,9
C8E,17,266,5825,0.045665236,4
PMB,2,12,328,0.036585366,9
BTN,5,71,750,0.094666667,7
PO4,81,540,24160,0.022350993,9
MNO,1,6,82,0.073170732,0
COB,4,93,979,0.094994893,2
PC1,1,43,413,0.104116223,8
CU,28,100,10223,0.009781864,9
I3P,5,38,1361,0.027920647,1
NAD,58,1157,16836,0.068721787,2
PPY,3,34,842,0.040380048,3
ERG,1,12,87,0.137931034,6
T6P,2,35,521,0.067178503,1
GAL,31,174,8689,0.020025319,7
P3M,1,13,139,0.09352518,2
TZE,1,8,276,0.028985507,3
5GP,7,101,1584,0.063762626,1
TAR,1,8,475,0.016842105,5
MAN,33,213,11179,0.019053583,7
GCU,3,15,1121,0.01338091,7
ROI,1,8,152,0.052631579,7
CEF,2,19,959,0.019812304,0
CD,9,42,2297,0.018284719,9
CO,34,161,8441,0.019073569,9
AMP,55,619,14969,0.041352128,1
SAM,58,912,14810,0.061580014,0
NEN,1,11,167,0.065868263,7
TRP,8,89,2648,0.033610272,3
E64,1,12,161,0.074534161,0
H37,1,11,421,0.026128266,0
CL,15,91,4290,0.021212121,9
IMD,3,11,521,0.021113244,9
AMU,2,18,519,0.034682081,7
DGL,3,21,901,0.023307436,5
ALA,5,27,1585,0.0170347,5
4NP,1,9,150,0.06,1
GOL,23,214,6885,0.031082062,5
U5P,6,68,1331,0.051089406,1
APU,1,16,507,0.031558185,2
RNT,1,12,405,0.02962963,5
DGP,3,36,470,0.076595745,1
ADN,14,147,3994,0.036805208,7
GDP,39,438,13252,0.033051615,2
KAM,1,14,369,0.037940379,2
HG,6,31,1516,0.020448549,9
GER,3,32,853,0.037514654,4
IMU,1,11,219,0.050228311,1
POP,16,110,4641,0.023701788,9
BMP,1,16,251,0.06374502,1
DUD,1,7,111,0.063063063,1
UP6,1,9,230,0.039130435,1
RED,1,6,125,0.048,4
FSO,1,12,541,0.022181146,1
SF4,67,900,27246,0.033032372,9
FAD,90,2214,33235,0.066616519,2
HEC,27,1364,7677,0.17767357,8
SO3,4,15,1483,0.010114633,9
CIT,14,124,3939,0.031480071,5
XYH,1,16,428,0.037383178,5
2CP,2,14,870,0.016091954,2
INJ,1,16,152,0.105263158,2
DEM,1,4,181,0.022099448,4
DHB,2,16,453,0.035320088,3
REA,1,14,141,0.09929078,6
VXA,1,4,298,0.013422819,9
COA,67,1017,15400,0.066038961,2
GLY,20,120,5882,0.020401224,5
HDS,1,12,267,0.04494382,4
NAP,41,832,11579,0.071854219,2
MPD,9,53,2641,0.020068156,5
LEU,4,38,1035,0.036714976,5
HMN,1,12,276,0.043478261,7
ESA,2,9,335,0.026865672,9
CU1,19,89,2783,0.031979878,9
HEO,1,4,253,0.015810277,8
UDP,26,341,8982,0.037964819,1
OSB,2,23,608,0.037828947,3
GMH,1,2,705,0.002836879,7
RIF,1,16,691,0.023154848,0
DKA,1,5,88,0.056818182,4
FMT,2,6,761,0.007884363,5
ADP,108,1497,42305,0.035385888,2
703,1,5,135,0.037037037,0
FMA,1,29,202,0.143564356,2
NDP,23,499,6816,0.073210094,2
PYQ,1,11,270,0.040740741,3
ICP,1,6,222,0.027027027,3
TZP,1,10,218,0.04587156,1
PEP,3,20,944,0.021186441,1
3OL,1,9,150,0.06,4
MET,7,49,2147,0.022822543,5
VAA,1,20,842,0.023752969,0
YZ9,1,10,108,0.092592593,3
EDO,3,23,799,0.028785982,5
FER,4,49,1016,0.048228346,3
XYP,10,76,3325,0.022857143,7
GLU,20,162,6337,0.025564147,5
GMC,1,2,397,0.005037783,7
GA,1,6,100,0.06,9
CLK,1,12,166,0.072289157,3
NLG,4,39,1039,0.037536092,5
PGH,1,12,262,0.045801527,1
ADA,4,38,975,0.038974359,7
BRT,1,9,214,0.042056075,3
AHR,6,72,2610,0.027586207,7
EPE,5,38,1093,0.034766697,7
QUE,2,26,672,0.038690476,6
PO2,1,5,266,0.018796992,9
PIB,3,20,638,0.031347962,8
CIR,3,38,1028,0.036964981,5
DTP,7,86,3648,0.023574561,2
FE2,26,124,7655,0.016198563,9
TYD,5,54,1475,0.036610169,1
PIO,1,3,260,0.011538462,8
LYS,12,99,5231,0.018925636,5
16G,4,35,814,0.042997543,1
COJ,1,14,195,0.071794872,0
NCO,1,4,196,0.020408163,9
TS5,2,22,307,0.071661238,0
IBS,1,9,228,0.039473684,1
PYR,15,107,4565,0.023439211,5
ROP,3,18,610,0.029508197,5
COT,1,26,152,0.171052632,2
PVH,2,10,299,0.033444816,7
VIB,5,54,1374,0.03930131,3
MMC,1,3,159,0.018867925,9
PHE,7,62,1761,0.035207269,3
B12,11,190,3425,0.055474453,2
ADE,9,63,2171,0.029018885,3
VDY,1,9,438,0.020547945,6
NVA,1,6,354,0.016949153,5
APC,13,189,3924,0.048165138,2
CMA,1,9,491,0.018329939,5
UVC,1,17,168,0.101190476,1
DG6,1,10,515,0.019417476,1
NAI,9,184,2942,0.062542488,2
PUT,1,7,304,0.023026316,9
ITP,2,12,329,0.036474164,1
PIN,2,12,707,0.016973126,9
THP,1,8,141,0.056737589,1
CO8,2,38,491,0.077393075,2
REO,1,27,166,0.162650602,9
C11,2,19,578,0.032871972,4
PEF,2,14,257,0.054474708,8
DHT,1,13,164,0.079268293,6
DAU,1,21,326,0.064417178,2
HQO,2,6,243,0.024691358,6
NPI,1,4,270,0.014814815,5
SCO,1,13,261,0.049808429,2
6MO,2,5,2220,0.002252252,9
MGD,8,375,5069,0.073979089,2
OXY,7,21,1275,0.016470588,9
URA,1,7,223,0.031390135,7
X7O,1,10,446,0.022421525,3
BGX,1,8,448,0.017857143,3
LAE,2,26,437,0.059496568,7
F3S,11,124,5498,0.022553656,9
GLA,11,88,4375,0.020114286,7
BMA,12,77,2996,0.025700935,7
DLP,1,26,177,0.146892655,8
4CO,1,17,123,0.138211382,2
UPL,2,60,1068,0.056179775,4
3OH,1,8,243,0.032921811,5
KPL,1,10,252,0.03968254,5
SAL,1,6,353,0.016997167,3
PPS,1,13,560,0.023214286,2
HDZ,2,14,219,0.063926941,9
YBT,1,3,139,0.021582734,1
GDX,1,20,407,0.049140049,2
RBF,7,57,1391,0.040977714,0
ADV,1,10,190,0.052631579,2
PHK,1,11,282,0.039007092,3
ACR,3,70,1419,0.049330514,0
G7M,1,8,1256,0.006369427,1
CH1,1,10,1254,0.007974482,2
GH3,1,5,1259,0.003971406,1
CYS,9,45,2512,0.017914013,5
TNC,1,13,99,0.131313131,6
CUN,1,9,796,0.011306533,9
MCN,1,28,777,0.036036036,2
CHM,1,3,1020,0.002941176,9
PGM,1,10,57,0.175438596,8
BDD,1,20,83,0.240963855,4
AGP,1,10,271,0.036900369,1
CDN,1,13,116,0.112068966,8
EPH,1,4,125,0.032,8
UQ2,1,4,125,0.032,6
AAC,1,6,358,0.016759777,5
TCC,1,2,58,0.034482759,3
BLM,2,29,227,0.127753304,0
XYL,4,35,1894,0.018479409,5
UD1,7,118,2363,0.049936521,2
4NC,1,9,842,0.010688836,5
A3P,6,93,1622,0.057336621,2
OXL,4,30,1486,0.020188425,5
AIC,1,7,610,0.01147541,6
GLV,2,8,486,0.016460905,5
TSB,1,20,625,0.032,0
BCA,1,22,247,0.089068826,2
TTN,2,10,723,0.013831259,5
ISP,1,6,226,0.026548673,9
PDX,1,7,395,0.017721519,7
MOO,5,44,1263,0.034837688,9
MLM,1,8,404,0.01980198,5
3DR,1,2,243,0.008230453,7
AKG,19,184,6894,0.026689875,5
TRT,1,24,241,0.099585062,4
CDM,1,13,264,0.049242424,2
GCD,2,14,1458,0.009602195,7
NG6,1,5,717,0.006973501,7
BDP,5,45,1507,0.02986065,7
CDP,3,37,1103,0.033544878,1
PQQ,3,47,1099,0.042766151,6
2AN,1,11,109,0.100917431,6
G,1,9,374,0.024064171,1
PCP,2,19,639,0.029733959,1
ETA,3,25,808,0.030940594,5
THM,3,32,799,0.040050063,7
HDC,1,22,251,0.087649402,2
NDG,4,63,819,0.076923077,7
FLC,6,49,2032,0.024114173,5
GEL,1,12,122,0.098360656,8
AZI,13,51,2838,0.017970402,9
CLA,6,82,1043,0.078619367,0
PID,2,166,463,0.358531317,0
CAC,2,9,813,0.011070111,9
HO,1,5,95,0.052631579,9
ZFB,1,12,327,0.036697248,6
FRB,1,11,118,0.093220339,0
PLV,1,23,304,0.075657895,1
3NI,1,4,113,0.03539823,9
MD1,1,57,1187,0.048020219,2
SSC,1,6,494,0.012145749,7
FUA,2,28,860,0.03255814,6
PHB,2,28,469,0.059701493,3
IVF,1,9,208,0.043269231,6
NTM,1,6,283,0.021201413,7
FON,2,30,722,0.041551247,0
HSM,2,25,295,0.084745763,3
HDF,1,15,460,0.032608696,0
BMD,1,9,365,0.024657534,5
TDP,4,69,1841,0.037479631,2
NCC,2,12,589,0.020373514,2
ETM,1,5,230,0.02173913,9
PS5,1,8,129,0.062015504,9
TMP,3,24,780,0.030769231,1
DTB,1,9,304,0.029605263,7
BIB,1,5,433,0.011547344,5
1PS,2,16,247,0.064777328,3
BET,5,44,1567,0.028079132,5
FUL,5,23,1625,0.014153846,7
IDS,2,9,521,0.017274472,7
SGN,2,14,516,0.027131783,7
PCD,2,66,1602,0.041198502,2
DUP,3,27,481,0.056133056,2
A45,1,9,112,0.080357143,3
YBH,1,5,173,0.028901734,0
SER,4,18,1492,0.012064343,5
E4P,1,7,331,0.021148036,1
LUM,1,11,266,0.041353383,3
ACP,5,71,2299,0.030882993,2
M38,1,3,563,0.005328597,6
AST,1,6,901,0.006659267,9
3CO,2,4,278,0.014388489,9
MO,3,9,1441,0.006245663,9
KIV,1,8,558,0.014336918,5
PO3,6,25,1932,0.012939959,9
M6P,3,27,1135,0.023788546,1
CAX,1,9,242,0.037190083,3
INI,2,39,316,0.123417722,7
PCW,2,67,674,0.099406528,1
CNL,1,8,389,0.020565553,3
3GR,1,2,229,0.008733624,5
WSK,1,13,94,0.138297872,6
12P,2,16,521,0.030710173,4
4MO,2,7,1711,0.004091175,9
ACT,10,49,1865,0.026273458,5
PFS,1,16,148,0.108108108,8
LPE,1,15,149,0.100671141,8
2MD,1,42,752,0.055851064,2
2MO,1,2,792,0.002525253,9
TSD,1,4,119,0.033613445,5
VK3,1,7,96,0.072916667,3
PA5,1,12,289,0.041522491,1
RET,2,30,602,0.049833887,6
3HA,1,14,265,0.052830189,3
CDT,1,11,292,0.037671233,5
C5P,6,63,1781,0.035373386,1
2HA,1,8,529,0.015122873,5
PN1,1,15,272,0.055147059,6
SSG,1,4,296,0.013513514,7
G6P,1,13,401,0.032418953,1
CLM,1,8,132,0.060606061,3
PCB,1,9,59,0.152542373,6
DTT,1,5,372,0.01344086,5
CPS,2,15,224,0.066964286,6
UNL,22,155,3433,0.045150015,9
CTP,7,92,2200,0.041818182,2
DDN,1,18,155,0.116129032,1
LBT,4,32,1379,0.023205221,7
ISZ,1,8,265,0.030188679,3
R71,1,20,707,0.028288543,6
PD8,1,18,395,0.04556962,2
XYS,8,41,2797,0.014658563,7
FPP,2,15,325,0.046153846,8
PTB,1,13,300,0.043333333,3
THH,1,16,355,0.045070423,0
APR,5,92,1367,0.067300658,2
CXY,1,20,332,0.060240964,2
SUC,7,78,2210,0.035294118,7
ANR,1,9,335,0.026865672,6
C15,1,7,453,0.015452539,4
ACY,2,14,385,0.036363636,5
GVE,4,28,830,0.03373494,5
O,3,10,1306,0.007656968,9
TTP,2,38,796,0.047738693,2
OCB,1,15,568,0.026408451,4
VNL,1,18,146,0.123287671,3
NI,8,32,1351,0.023686158,9
HAS,1,31,526,0.058935361,8
M7G,2,21,884,0.023755656,2
BR,1,8,87,0.091954023,9
5AD,1,4,512,0.0078125,7
XYF,1,13,760,0.017105263,7
TYR,4,37,823,0.044957473,3
BIO,1,12,150,0.08,7
H4M,2,32,419,0.076372315,0
DIO,3,27,377,0.071618037,9
ASP,5,26,1932,0.013457557,5
RIP,2,11,336,0.032738095,7
MED,2,13,292,0.044520548,5
AE2,1,3,240,0.0125,6
LI5,1,6,232,0.025862069,1
FUC,31,117,9301,0.012579293,7
CMP,5,85,951,0.0893796,1
SUO,1,16,424,0.037735849,5
HPO,1,10,244,0.040983607,5
DR6,2,11,220,0.05,6
BLV,1,18,171,0.105263158,0
IMN,1,14,260,0.053846154,6
GPP,1,9,293,0.030716724,1
HCR,1,11,425,0.025882353,6
SRM,6,139,2342,0.059350982,2
AGS,8,132,2948,0.044776119,2
3PI,1,18,496,0.036290323,8
LFR,2,16,759,0.021080369,7
NCA,2,17,508,0.033464567,3
CF5,1,12,604,0.01986755,1
SCN,1,8,201,0.039800995,9
K,11,113,3341,0.033822209,9
CBC,1,16,350,0.045714286,6
BRU,1,12,230,0.052173913,1
FKD,1,10,624,0.016025641,7
1LG,1,19,423,0.044917258,0
CTL,1,8,261,0.030651341,3
CQA,1,22,266,0.082706767,6
LPA,1,12,235,0.05106383,3
DR8,1,2,63,0.031746032,4
DGT,4,57,2255,0.025277162,2
HTF,1,13,158,0.082278481,7
F6P,2,25,735,0.034013605,1
EDT,3,20,910,0.021978022,5
G1P,1,9,190,0.047368421,1
UTP,4,61,1597,0.038196619,2
RDL,1,20,132,0.151515152,7
RES,1,14,144,0.097222222,1
MAL,6,102,2978,0.034251175,7
MTV,1,20,433,0.046189376,2
CXS,1,6,147,0.040816327,3
PMM,1,22,491,0.044806517,1
CAO,2,36,340,0.105882353,2
RIO,1,10,169,0.059171598,0
PH5,1,7,112,0.0625,0
BCT,7,22,1611,0.013656114,5
MA8,1,12,289,0.041522491,0
DXE,1,4,313,0.012779553,9
CXT,1,14,279,0.050179211,0
CDL,3,48,386,0.124352332,8
RIB,3,28,938,0.029850746,7
GDD,5,95,1538,0.061768531,2
GDC,1,26,338,0.076923077,2
PCZ,1,12,373,0.032171582,0
TH2,1,14,101,0.138613861,6
AAL,2,19,867,0.021914648,7
BG6,1,10,277,0.036101083,1
RCL,1,14,132,0.106060606,4
1PE,1,1,175,0.005714286,4
GLN,4,38,927,0.040992449,5
TLA,2,18,482,0.037344398,5
VO4,3,28,1463,0.019138756,9
DU,1,6,213,0.028169014,1
RB3,1,11,307,0.035830619,5
UCD,1,8,355,0.022535211,7
ACA,1,11,373,0.029490617,5
CKP,1,14,294,0.047619048,1
OBP,1,12,335,0.035820896,3
DPN,1,10,352,0.028409091,3
PUY,1,17,215,0.079069767,0
PSC,2,7,170,0.041176471,8
DMU,9,98,2990,0.03277592,0
TRE,4,30,1251,0.023980815,7
W,1,3,724,0.004143646,9
GPG,1,7,238,0.029411765,2
2PO,1,4,707,0.005657709,9
PNM,3,33,1077,0.030640669,6
STF,1,7,94,0.074468085,3
PYI,1,12,243,0.049382716,2
DAN,1,10,363,0.027548209,7
HMH,1,6,205,0.029268293,3
5IQ,1,8,143,0.055944056,3
FBP,1,2,550,0.003636364,1
AF3,3,10,1224,0.008169935,9
NGV,1,10,133,0.07518797,6
DSU,1,10,299,0.033444816,0
ZEA,1,14,139,0.100719424,3
FME,2,12,804,0.014925373,5
TSS,2,12,482,0.024896266,3
RAM,5,39,2687,0.014514328,7
PC4,2,16,559,0.02862254,9
NLT,1,17,172,0.098837209,6
TDK,1,24,807,0.029739777,2
NO3,3,20,1025,0.019512195,9
IZC,1,10,404,0.024752475,7
P6G,1,5,50,0.1,4
0M6,1,10,316,0.03164557,6
S3P,1,9,436,0.020642202,1
SCB,1,6,146,0.04109589,0
ADX,1,12,211,0.056872038,2
CNC,2,51,937,0.054429029,2
TSA,1,10,94,0.106382979,7
BSC,1,10,411,0.0243309,5
3PG,3,36,1071,0.033613445,1
3C4,1,11,228,0.048245614,3
PSK,1,5,275,0.018181818,5
MEV,2,19,627,0.03030303,5
A3S,1,13,134,0.097014925,7
THC,1,4,903,0.004429679,5
OH,1,4,254,0.015748031,9
RFP,2,27,958,0.028183716,0
ABN,1,3,357,0.008403361,3
B13,2,28,689,0.040638607,2
TPP,11,164,4966,0.033024567,2
GVA,1,8,555,0.014414414,5
TOH,1,9,188,0.04787234,3
LGG,1,17,163,0.104294479,0
XUL,4,28,1963,0.014263882,5
PLM,4,61,920,0.066304348,4
PTR,1,8,137,0.058394161,3
IMP,2,26,375,0.069333333,1
D20,1,14,266,0.052631579,5
UMA,1,18,420,0.042857143,2
TPW,1,22,537,0.040968343,2
OXK,1,24,535,0.044859813,2
3CU,1,12,492,0.024390244,7
SKD,1,13,648,0.020061728,7
UDM,1,16,532,0.030075188,2
HLT,1,2,60,0.033333333,9
RCY,1,27,59,0.457627119,7
MTN,6,37,832,0.044471154,3
NGR,1,5,185,0.027027027,7
PBU,2,18,220,0.081818182,8
ZNH,1,15,110,0.136363636,8
PNS,10,53,1331,0.039819684,1
HEB,5,99,985,0.100507614,8
EB4,1,14,143,0.097902098,0
CGO,1,6,65,0.092307692,0
MAG,1,4,149,0.026845638,7
4IP,2,24,704,0.034090909,1
HTS,1,6,61,0.098360656,3
NDS,2,14,459,0.030501089,9
PA6,1,4,188,0.021276596,1
PQE,1,16,176,0.090909091,8
NIA,1,14,149,0.093959732,1
H1S,1,9,59,0.152542373,0
RIS,1,10,324,0.030864198,1
AC6,1,3,328,0.009146341,3
2AL,3,29,550,0.052727273,7
CBI,3,42,1193,0.035205365,7
FSC,1,2,50,0.04,0
GOA,1,7,167,0.041916168,5
FU4,1,3,469,0.006396588,7
2OB,1,38,434,0.087557604,6
OHA,1,8,96,0.083333333,4
OXG,1,8,111,0.072072072,7
ABU,1,4,498,0.008032129,5
PLZ,1,13,489,0.026584867,1
M0E,2,26,807,0.032218092,2
XAP,1,8,411,0.01946472,9
N2P,1,7,412,0.016990291,9
GUN,1,9,444,0.02027027,7
16C,1,8,441,0.01814059,8
I3A,2,19,259,0.073359073,3
NK1,1,12,1004,0.011952191,3
7XY,1,26,239,0.108786611,0
TIZ,1,8,176,0.045454545,7
IHP,5,57,2705,0.021072089,8
CFA,1,12,559,0.021466905,3
CSF,1,21,254,0.082677165,2
SCR,5,44,842,0.052256532,0
A2R,1,15,294,0.051020408,2
T4K,1,28,365,0.076712329,2
LLH,1,13,382,0.034031414,5
ORO,1,7,217,0.032258065,7
PRP,2,25,410,0.06097561,1
PE4,2,9,263,0.034220532,4
SR1,1,6,411,0.01459854,7
ITT,1,19,176,0.107954545,2
S1T,1,17,521,0.032629559,2
R1T,1,16,522,0.030651341,2
HR2,1,21,404,0.051980198,0
MLC,2,28,543,0.051565378,2
4CS,1,12,245,0.048979592,7
AG,1,4,76,0.052631579,9
PF1,1,11,216,0.050925926,3
OCA,3,24,823,0.029161604,4
DO3,1,2,445,0.004494382,0
AG2,3,25,1201,0.020815987,5
OGA,2,14,722,0.019390582,5
7CK,1,13,509,0.025540275,6
CTO,2,29,416,0.069711538,0
ETY,1,8,135,0.059259259,3
IPA,2,15,244,0.06147541,5
1PL,1,7,268,0.026119403,3
CHT,4,74,1149,0.064403829,5
BAT,1,13,279,0.046594982,0
LP3,1,20,57,0.350877193,8
JH3,1,11,216,0.050925926,3
NA7,1,17,275,0.061818182,2
NND,1,12,486,0.024691358,4
PRL,1,9,163,0.055214724,3
SIA,14,101,4107,0.02459216,7
KDP,1,12,191,0.062827225,1
MES,3,32,919,0.034820457,7
HSE,2,10,662,0.01510574,5
PG4,2,18,666,0.027027027,4
GLP,1,10,383,0.026109661,1
VAM,1,12,263,0.045627376,7
Y19,1,14,137,0.102189781,7
MQ7,1,7,243,0.028806584,6
CDF,1,13,212,0.061320755,1
MHF,1,15,485,0.030927835,0
PTY,1,6,90,0.066666667,8
XMP,1,13,645,0.020155039,1
GCS,5,57,2047,0.027845628,7
SCA,1,23,187,0.122994652,2
PVE,1,7,747,0.009370817,0
NGA,4,24,667,0.035982009,7
PLS,1,12,386,0.031088083,1
NGT,1,8,626,0.012779553,7
BOM,1,12,129,0.093023256,4
MYR,4,36,626,0.057507987,4
P89,1,22,364,0.06043956,8
W22,1,10,305,0.032786885,3
SFU,1,6,126,0.047619048,7
CM5,1,3,505,0.005940594,0
UAG,1,20,487,0.041067762,2
MU2,1,7,425,0.016470588,0
TRH,2,27,802,0.033665835,2
X1E,1,7,346,0.020231214,7
DPV,2,10,251,0.039840637,4
OTP,1,24,152,0.157894737,8
SR,1,4,294,0.013605442,9
J01,1,20,408,0.049019608,7
XC2,1,3,213,0.014084507,6
GSP,2,34,714,0.047619048,2
34H,1,11,305,0.036065574,3
NIO,4,33,862,0.038283063,3
SFG,7,108,2542,0.042486231,0
DSL,1,24,350,0.068571429,8
KFN,1,9,377,0.023872679,7
I3C,5,35,517,0.067698259,3
E06,1,11,465,0.023655914,3
SMQ,1,15,227,0.066079295,0
DHL,3,18,717,0.025104603,9
DUR,2,19,388,0.048969072,7
EDG,1,8,353,0.02266289,7
STL,1,23,289,0.079584775,3
LMR,2,15,519,0.028901734,5
HP6,1,2,115,0.017391304,4
BM3,1,13,294,0.044217687,7
OTG,1,8,371,0.021563342,7
MC4,1,20,335,0.059701493,2
YIO,1,8,123,0.06504065,7
EGC,2,17,729,0.023319616,6
FNR,2,37,618,0.05987055,2
MTA,3,46,665,0.069172932,7
5CA,1,14,143,0.097902098,0
PXM,1,11,381,0.028871391,3
LGU,4,34,2023,0.016806723,7
BEM,4,35,1589,0.022026432,7
MAW,3,16,1335,0.011985019,7
RDC,1,10,496,0.02016129,6
COH,2,29,206,0.140776699,8
LAT,3,19,940,0.020212766,7
BSU,1,13,333,0.039039039,3
SLB,3,18,1357,0.013264554,7
ET,1,10,171,0.058479532,6
GA4,1,16,323,0.049535604,6
A2G,2,16,828,0.019323671,7
ZX6,1,13,429,0.03030303,6
UNU,1,8,500,0.016,3
CE5,3,24,568,0.042253521,0
RCC,1,14,257,0.054474708,0
UMP,1,10,205,0.048780488,1
HNQ,1,11,245,0.044897959,3
11D,1,19,112,0.169642857,6
Z80,1,15,164,0.091463415,6
PPV,4,29,1147,0.025283348,9
2DE,1,2,133,0.015037594,8
RCO,1,9,181,0.049723757,3
PRO,6,30,1883,0.015932023,3
DAO,2,22,348,0.063218391,4
B2S,1,9,439,0.020501139,6
FAE,1,33,470,0.070212766,2
3B4,1,9,149,0.060402685,3
F42,5,81,1014,0.079881657,2
PEE,1,22,285,0.077192982,8
CO2,1,6,382,0.015706806,5
PAU,2,20,486,0.041152263,5
PM6,1,12,220,0.054545455,3
NBZ,1,10,94,0.106382979,3
PNH,1,4,241,0.01659751,5
HIU,1,11,341,0.032258065,5
SRO,2,19,515,0.036893204,3
PMP,2,29,804,0.036069652,1
13P,1,10,243,0.041152263,1
MLT,2,16,361,0.04432133,5
3CN,1,7,164,0.042682927,9
2BA,4,43,707,0.060820368,2
FO1,2,25,792,0.031565657,0
2HP,2,22,1450,0.015172414,9
SPD,1,9,339,0.026548673,4
MT2,1,7,238,0.029411765,5
WCC,1,12,754,0.015915119,9
CMO,1,4,762,0.005249344,9
GMP,1,11,895,0.012290503,7
HYN,1,8,294,0.027210884,7
MPR,1,9,243,0.037037037,9
D3Z,1,8,230,0.034782609,7
FCN,1,6,262,0.022900763,1
7MG,1,8,375,0.021333333,1
SGP,1,12,85,0.141176471,1
NBB,2,23,218,0.105504587,3
UP3,1,16,233,0.068669528,0
N6C,1,6,426,0.014084507,4
MUC,2,26,711,0.036568214,7
BML,1,7,95,0.073684211,3
BUA,1,11,228,0.048245614,5
LAS,1,9,513,0.01754386,7
GRG,1,9,355,0.025352113,8
SPV,1,10,614,0.016286645,5
KDO,1,11,238,0.046218487,7
LNR,1,10,292,0.034246575,3
OXE,1,9,232,0.038793103,3
HHG,1,14,104,0.134615385,1
NVC,1,25,171,0.14619883,6
UQ8,1,28,191,0.146596859,6
BEF,5,22,1281,0.017174083,9
NLC,1,7,507,0.013806706,7
ZDP,1,15,286,0.052447552,5
NXC,1,8,191,0.041884817,6
DCR,1,17,361,0.047091413,4
5RP,1,11,207,0.053140097,1
BU1,1,6,137,0.04379562,5
8HG,1,14,278,0.050359712,7
UOC,1,11,127,0.086614173,4
ILE,2,16,456,0.035087719,3
NTJ,1,9,368,0.024456522,9
MRK,1,14,437,0.032036613,6
XE,3,17,1294,0.013137558,9
AP2,1,18,337,0.053412463,2
G6Q,2,24,877,0.027366021,1
RCP,1,13,737,0.017639077,6
3PB,1,8,96,0.083333333,1
B6D,1,2,229,0.008733624,7
FP0,1,10,500,0.02,6
PEG,1,6,511,0.011741683,5
ERY,1,15,170,0.088235294,0
TSU,1,29,238,0.121848739,3
BB2,1,16,167,0.095808383,0
T8N,1,12,280,0.042857143,5
ENO,2,17,465,0.03655914,3
PAM,1,9,251,0.035856574,4
MGP,1,14,197,0.07106599,2
BIH,1,8,146,0.054794521,6
GRA,1,9,557,0.016157989,2
XNC,1,16,552,0.028985507,0
PMV,1,12,317,0.03785489,1
DL4,1,15,227,0.066079295,6
H13,1,16,220,0.072727273,6
211,1,10,352,0.028409091,5
SCC,1,4,202,0.01980198,9
GGG,2,6,184,0.032608696,5
SIM,1,14,411,0.03406326,6
HC8,1,7,310,0.022580645,6
BT6,1,3,127,0.023622047,9
ISC,1,17,362,0.046961326,3
MLA,1,4,271,0.014760148,5
AAE,1,11,350,0.031428571,5
SMI,1,7,322,0.02173913,7
LEA,1,8,123,0.06504065,5
BU2,2,39,601,0.064891847,5
2PG,1,15,534,0.028089888,1
C2F,2,36,521,0.069097889,0
BOB,1,13,208,0.0625,0
3AM,1,11,326,0.033742331,1
ORN,1,4,189,0.021164021,5
URI,2,25,752,0.033244681,7
MXE,1,8,79,0.101265823,5
NFM,1,10,291,0.034364261,3
PAC,1,8,226,0.03539823,3
A2P,2,21,390,0.053846154,2
UPG,1,14,494,0.028340081,2
PCA,1,8,141,0.056737589,3
CMK,1,19,104,0.182692308,2
IHS,2,25,810,0.030864198,8
IPE,2,17,362,0.046961326,1
XGP,1,4,271,0.014760148,1
NT2,1,8,209,0.038277512,7
G3D,1,8,162,0.049382716,2
SME,2,22,296,0.074324324,5
BDR,1,11,261,0.042145594,7
BU4,1,2,175,0.011428571,5
PXC,1,13,339,0.038348083,6
THR,1,18,567,0.031746032,5
PDO,3,17,677,0.025110783,5
VAL,3,31,1082,0.028650647,5
PC,3,31,693,0.044733045,5
IP8,1,11,227,0.04845815,9
DXP,1,6,476,0.012605042,1
HPX,1,6,313,0.019169329,3
ELA,1,18,261,0.068965517,4
RHE,1,69,249,0.277108434,9
OAF,1,13,284,0.045774648,5
RNS,1,10,423,0.023640662,7
4AD,1,20,415,0.048192771,2
GHP,1,8,278,0.028776978,3
3MY,1,7,279,0.025089606,3
3FG,1,13,273,0.047619048,3
OMY,1,6,280,0.021428571,3
PAP,1,18,268,0.067164179,2
SA6,1,10,229,0.043668122,6
RB,1,3,457,0.006564551,9
8AC,2,15,339,0.044247788,5
PXN,1,8,541,0.014787431,1
LP4,1,12,128,0.09375,8
LP5,3,25,990,0.025252525,8
SE8,1,14,278,0.050359712,0
OPY,1,10,442,0.022624434,3
NSD,1,5,366,0.013661202,9
OSA,1,14,154,0.090909091,0
OS,1,3,334,0.008982036,9
DE3,1,12,113,0.10619469,3
RSH,1,13,285,0.045614035,5
TPS,2,27,796,0.033919598,1
MRY,1,4,605,0.00661157,5
STE,1,17,270,0.062962963,4
3NY,1,8,241,0.033195021,3
DXC,3,28,966,0.028985507,6
P3S,1,12,626,0.019169329,1
PBG,1,16,336,0.047619048,7
NMN,2,18,442,0.040723982,1
3CM,1,5,127,0.039370079,0
MLI,3,24,1195,0.020083682,5
PYV,1,9,176,0.051136364,6
NHE,2,24,413,0.05811138,3
FSE,1,11,568,0.019366197,6
FAH,2,29,401,0.072319202,5
SKM,2,20,517,0.03868472,5
11A,2,21,456,0.046052632,4
AES,2,6,310,0.019354839,3
BYC,1,29,275,0.105454545,2
2RA,1,6,355,0.016901408,5
HP7,1,14,333,0.042042042,2
DAL,3,24,975,0.024615385,5
3CX,2,23,667,0.034482759,3
IND,1,5,118,0.042372881,3
QDK,1,6,540,0.011111111,5
QJ9,1,16,533,0.030018762,6
CBS,1,17,419,0.040572792,0
ZDM,1,9,427,0.021077283,0
HL6,1,12,246,0.048780488,7
G3P,3,27,872,0.030963303,1
AZB,1,9,115,0.07826087,3
AIR,1,8,375,0.021333333,1
VBN,1,13,283,0.045936396,0
NFZ,1,8,203,0.039408867,7
15L,1,9,256,0.03515625,7
BT5,1,18,304,0.059210526,2
DLY,1,10,344,0.029069767,5
SE,3,7,371,0.018867925,9
48Z,1,9,244,0.036885246,1
OAA,1,11,396,0.027777778,5
PRF,1,11,246,0.044715447,7
ZIP,1,8,491,0.016293279,3
ACM,1,11,333,0.033033033,5
DHC,1,11,240,0.045833333,3
FNU,1,17,314,0.054140127,1
AR6,3,59,592,0.099662162,2
GRI,1,2,130,0.015384615,6
3TL,1,13,101,0.128712871,0
FUM,2,17,1236,0.013754045,5
TP7,1,10,564,0.017730496,1
COM,4,18,1269,0.014184397,9
M43,2,29,823,0.035236938,2
D5M,1,7,188,0.037234043,1
OHN,1,18,215,0.08372093,4
P6F,1,17,373,0.045576408,1
EMU,1,10,258,0.03875969,3
MD0,1,10,327,0.03058104,5
TCE,2,8,251,0.03187251,5
GL0,1,5,222,0.022522523,7
DA,1,9,424,0.021226415,1
DCS,1,16,463,0.034557235,1
DQY,1,4,365,0.010958904,5
PZU,1,7,545,0.012844037,7
F6R,2,22,896,0.024553571,1
JRO,1,13,145,0.089655172,6
AHN,1,18,200,0.09,3
GCO,1,15,402,0.037313433,5
EAH,1,13,219,0.059360731,4
08T,1,15,305,0.049180328,2
NHY,1,9,156,0.057692308,5
UE1,1,16,588,0.027210884,0
A1R,1,18,503,0.035785288,2
DMS,1,23,281,0.081850534,9
0FU,1,7,123,0.056910569,7
ATR,1,12,269,0.044609665,2
JTH,1,6,159,0.037735849,3
0GV,1,13,466,0.027896996,6
GST,2,21,541,0.038817006,1
FPS,1,18,236,0.076271186,8
ASC,2,15,463,0.032397408,7
P0D,1,14,457,0.030634573,1
E5G,1,10,622,0.01607717,7
LSS,1,21,600,0.035,0
K6H,1,10,84,0.119047619,7
A12,2,23,711,0.032348805,2
RUB,1,7,279,0.025089606,1
TCH,1,17,291,0.058419244,6
G74,1,12,176,0.068181818,7
2M8,1,11,243,0.04526749,7
BU3,3,23,1552,0.014819588,5
2PN,1,11,729,0.015089163,9
AMZ,2,27,733,0.036834925,1
JLN,1,19,497,0.038229376,1
NGS,1,7,743,0.009421265,7
AY9,1,18,863,0.020857474,7
78M,2,33,515,0.06407767,4
78N,1,10,420,0.023809524,4
SM,1,4,321,0.012461059,9
ADK,1,8,180,0.044444444,3
GFB,1,15,374,0.040106952,2
LMN,1,3,218,0.013761468,0
5GF,1,11,770,0.014285714,7
LDA,1,21,59,0.355932203,4
KAN,3,29,675,0.042962963,0
0GY,1,14,280,0.05,5
DJN,1,13,387,0.033591731,7
UNK,1,7,306,0.022875817,9
M7B,1,11,296,0.037162162,1
LN0,1,12,143,0.083916084,0
JB2,1,13,197,0.065989848,2
TOY,2,17,411,0.04136253,0
PJA,1,2,317,0.006309148,6
BEN,3,27,437,0.061784897,3
EBC,1,3,284,0.01056338,5
PE7,1,2,387,0.005167959,4
SPL,1,10,336,0.029761905,8
GD1,2,22,230,0.095652174,7
MTT,2,31,1941,0.015971149,0
EEM,2,34,486,0.069958848,2
EMC,1,5,175,0.028571429,9
G9L,1,11,434,0.025345622,6
3PT,1,13,730,0.017808219,8
AI9,1,13,348,0.037356322,1
CDI,1,12,393,0.030534351,1
0ET,1,21,174,0.120689655,2
GEK,2,32,522,0.061302682,0
R5P,1,10,297,0.033670034,1
0JN,1,6,259,0.023166023,6
SHL,1,7,247,0.028340081,7
10Y,1,9,181,0.049723757,4
BLG,2,28,586,0.04778157,0
GLJ,1,9,525,0.017142857,5
BFS,1,16,148,0.108108108,6
TRC,1,4,749,0.005340454,5
EIS,1,19,190,0.1,8
FS5,1,19,405,0.04691358,8
G4P,1,3,87,0.034482759,2
1RG,1,15,114,0.131578947,0
OMD,1,12,415,0.028915663,3
L0R,1,11,623,0.017656501,6
WPI,1,3,230,0.013043478,0
NGO,1,10,518,0.019305019,7
CVM,1,4,128,0.03125,3
MNB,1,11,73,0.150684932,3
AKR,1,9,381,0.023622047,5
0VJ,1,10,197,0.050761421,6
1JB,1,17,430,0.039534884,2
AKM,1,17,390,0.043589744,2
3HC,1,16,216,0.074074074,2
SQS,1,10,350,0.028571429,4
B4P,1,22,274,0.080291971,2
NEH,1,4,227,0.017621145,9
LIZ,1,13,167,0.077844311,0
CEP,1,10,394,0.025380711,6
KH2,1,4,249,0.016064257,3
SLA,1,7,578,0.012110727,7
BMX,1,12,252,0.047619048,1
1MZ,1,3,167,0.017964072,9
1PW,1,15,194,0.077319588,8
P3A,1,13,382,0.034031414,8
EEE,1,3,318,0.009433962,5
MAE,1,11,239,0.046025105,5
PR6,1,6,125,0.048,5
MUB,1,2,335,0.005970149,7
PIF,1,17,355,0.047887324,8
LA6,1,15,310,0.048387097,1
1EJ,1,14,109,0.128440367,6
1WG,1,6,89,0.06741573,5
HZP,1,8,216,0.037037037,7
NNQ,1,8,193,0.041450777,6
CT3,1,7,240,0.029166667,0
TA0,1,2,121,0.016528926,9
BXP,2,30,1071,0.028011204,7
1QY,1,20,229,0.087336245,4
C1E,1,10,266,0.037593985,3
173,1,19,286,0.066433566,3
TMO,3,17,964,0.017634855,9
O1G,1,20,422,0.047393365,2
3PK,2,7,895,0.007821229,4
UML,1,23,469,0.049040512,2
0YN,1,10,342,0.029239766,3
25W,1,7,239,0.029288703,5
CLR,4,40,1205,0.033195021,6
BU9,1,5,181,0.027624309,5
OHB,1,4,638,0.006269592,3
TDR,1,4,290,0.013793103,7
REL,1,7,804,0.008706468,5
X3X,1,13,298,0.043624161,1
PCG,1,13,115,0.113043478,1
TG6,2,13,301,0.043189369,1
AU1,1,10,586,0.017064846,2
IUM,1,5,75,0.066666667,9
FDA,4,74,1616,0.045792079,2
CDC,1,13,240,0.054166667,2
HG1,1,15,482,0.031120332,3
1VU,1,14,333,0.042042042,2
FII,2,15,772,0.019430052,8
EIC,1,12,141,0.085106383,4
X2N,1,15,421,0.035629454,0
UN9,1,5,213,0.023474178,3
P2Z,1,8,102,0.078431373,6
MGT,1,11,394,0.027918782,2
X1X,2,16,478,0.033472803,7
B29,2,31,533,0.058161351,6
YOM,1,11,173,0.063583815,6
MAV,1,4,702,0.005698006,7
M27,1,11,354,0.031073446,1
6LL,1,7,358,0.019553073,1
DY,1,6,88,0.068181818,9
2KV,1,13,721,0.018030513,6
U10,1,13,251,0.051792829,6
7UZ,1,10,403,0.024813896,3
22H,1,13,286,0.045454545,1
OXM,1,7,290,0.024137931,5
YGP,1,14,146,0.095890411,2
1PZ,1,20,182,0.10989011,8
2PX,1,7,465,0.015053763,6
FEO,1,9,125,0.072,9
W2C,1,2,118,0.016949153,6
DB4,1,14,296,0.047297297,8
GNS,1,10,276,0.036231884,7
IDR,1,6,280,0.021428571,7
MG7,1,7,293,0.023890785,7
MGF,1,6,294,0.020408163,9
CE6,1,9,193,0.046632124,0
PKA,1,15,154,0.097402597,6
GXT,1,2,205,0.009756098,5
2TQ,1,11,260,0.042307692,7
CAQ,1,7,155,0.04516129,3
KP1,1,6,404,0.014851485,5
PGE,1,3,252,0.011904762,5
2JT,1,7,142,0.049295775,4
2OY,1,13,252,0.051587302,6
2YC,1,11,249,0.044176707,7
GDE,1,13,403,0.032258065,5
JEF,1,4,285,0.014035088,4
T46,1,14,124,0.112903226,2
PAV,2,18,466,0.038626609,7
MTX,1,12,275,0.043636364,0
AEF,1,8,166,0.048192771,3
93,1,11,468,0.023504274,6
DGJ,1,11,529,0.020793951,7
0MK,1,12,237,0.050632911,7
Z6J,1,7,242,0.02892562,7
HF2,1,5,334,0.01497006,3
SMN,1,12,303,0.03960396,3
X2X,1,9,298,0.030201342,5
3HB,4,41,1124,0.036476868,3
LTH,1,9,310,0.029032258,5
MHO,1,5,200,0.025,5
OBV,1,7,138,0.050724638,2
E5S,1,17,325,0.052307692,6
SXJ,1,8,124,0.064516129,6
M1V,1,17,63,0.26984127,0
DBV,1,11,69,0.15942029,0
5MY,1,8,238,0.033613445,8
THG,1,11,813,0.013530135,0
5HM,1,13,146,0.089041096,1
PED,1,10,244,0.040983607,1
38J,1,15,368,0.04076087,0
DMA,1,8,282,0.028368794,1
UGC,1,10,413,0.024213075,5
UFE,1,7,293,0.023890785,2
30Q,1,14,352,0.039772727,6
RDF,1,15,682,0.021994135,2
CYC,1,19,175,0.108571429,0
SLT,1,6,182,0.032967033,0
CXU,1,13,393,0.03307888,0
LB2,1,13,381,0.034120735,7
1DF,1,12,337,0.035608309,7
26T,1,8,273,0.029304029,1
YCP,1,7,279,0.025089606,7
289,1,69,201,0.343283582,7
TLL,1,20,369,0.054200542,0
P2D,2,16,539,0.029684601,5
ARF,3,36,402,0.089552239,5
MAY,1,8,349,0.022922636,4
O4B,1,20,145,0.137931034,9
3GP,1,8,321,0.024922118,1
TCL,1,6,317,0.018927445,3
PSJ,1,12,286,0.041958042,5
FUD,1,11,287,0.038327526,5
PJZ,1,14,196,0.071428571,8
C6N,1,6,360,0.016666667,0
OHX,5,28,1066,0.026266417,9
SHV,2,11,409,0.026894866,4
4BN,1,10,159,0.062893082,2
XVE,1,12,212,0.056603774,6
X9X,1,11,283,0.038869258,5
PD2,1,11,449,0.024498886,7
2NE,1,20,281,0.071174377,2
PB,1,15,318,0.047169811,9
JXM,1,12,542,0.022140221,0
AUC,1,12,176,0.068181818,9
E69,1,14,145,0.096551724,0
RRV,1,12,451,0.026607539,6
AMG,1,7,87,0.08045977,7
36C,1,12,445,0.026966292,6
TL,1,4,409,0.009779951,9
VGL,1,4,157,0.025477707,7
TLZ,1,11,286,0.038461538,5
API,1,12,408,0.029411765,5
I6P,2,13,450,0.028888889,8
GAP,1,20,506,0.039525692,2
FK5,1,12,143,0.083916084,0
KMP,1,12,434,0.02764977,6
3R2,1,20,359,0.055710306,2
2A1,1,10,307,0.03257329,5
MPG,2,34,317,0.107255521,4
THJ,1,8,226,0.03539823,9
B3P,2,18,343,0.052478134,5
OXD,1,3,308,0.00974026,5
PP9,1,15,142,0.105633803,0
Z0P,1,3,154,0.019480519,8
PA1,1,12,299,0.040133779,7
POG,2,15,468,0.032051282,5
TFA,1,3,85,0.035294118,5
4B5,1,14,224,0.0625,0
BTB,2,10,1018,0.009823183,5
ZM3,1,11,241,0.045643154,0
THE,1,7,393,0.017811705,5
FEG,2,19,355,0.053521127,2
ZGP,1,9,160,0.05625,2
SV7,1,10,523,0.019120459,9
8CS,1,2,152,0.013157895,1
PEO,1,5,302,0.016556291,9
NAR,1,12,270,0.044444444,6
0FQ,1,19,120,0.158333333,2
BQ1,1,6,80,0.075,6
DE9,1,9,216,0.041666667,0
CEZ,1,12,773,0.015523933,7
4T7,1,10,433,0.023094688,3
VPR,1,9,115,0.07826087,5
41D,1,5,100,0.05,7
MBT,1,2,68,0.029411765,6
4KX,1,26,627,0.041467305,2
ACX,1,22,290,0.075862069,0
MSS,1,20,345,0.057971014,2
IPD,1,10,269,0.037174721,1
TDA,1,3,276,0.010869565,4
LIP,1,16,257,0.062256809,1
DFP,1,7,217,0.032258065,9
G3A,1,14,500,0.028,2
AZM,1,10,218,0.04587156,7
FE9,1,22,323,0.068111455,2
52G,1,21,105,0.2,0
2Y5,1,35,372,0.094086022,8
HX2,1,9,190,0.047368421,5
3P9,1,3,143,0.020979021,5
HY0,1,13,247,0.052631579,0
3PO,2,21,619,0.033925687,1
MBN,1,13,844,0.015402844,3
52M,1,4,280,0.014285714,6
0P6,1,12,407,0.029484029,3
WCA,1,19,119,0.159663866,2
ALX,1,13,477,0.027253669,1
LYN,1,7,318,0.022012579,5
NSG,1,9,617,0.01458671,7
KQS,1,12,554,0.02166065,6
4YH,1,10,436,0.02293578,6
GCX,1,8,291,0.027491409,7
56S,1,8,219,0.03652968,4
T6T,1,10,293,0.034129693,7
6NA,1,5,383,0.01305483,4
HXC,2,36,863,0.041714948,2
LOG,1,7,629,0.011128776,7
LBR,1,21,168,0.125,8
DOG,1,14,116,0.120689655,6
4YB,1,23,425,0.054117647,0
VN4,1,5,164,0.030487805,9
ALL,1,12,275,0.043636364,7
TYL,1,9,481,0.018711019,3
4KU,1,9,466,0.019313305,6
4SD,1,13,212,0.061320755,5
PS6,1,3,250,0.012,8
40J,1,17,284,0.059859155,7
GTR,1,4,194,0.020618557,7
5VO,1,10,163,0.061349693,3
3UE,1,20,931,0.021482277,6
CLQ,1,4,77,0.051948052,6
212,1,10,312,0.032051282,1
94A,1,14,356,0.039325843,6
PN7,1,6,83,0.072289157,1
3Y8,1,25,223,0.112107623,0
NFU,1,12,549,0.021857923,5
PGT,1,38,246,0.154471545,8
4MX,1,9,87,0.103448276,3
5V4,1,9,375,0.024,3
VCA,1,7,89,0.078651685,4
4W9,1,16,165,0.096969697,6
1N2,1,8,293,0.027303754,7
ILV,1,14,360,0.038888889,6
DST,1,8,366,0.021857923,1
MRD,1,8,120,0.066666667,5
5S6,1,12,441,0.027210884,0
4HP,1,2,136,0.014705882,3
57M,1,18,311,0.057877814,0
64K,1,9,271,0.033210332,7
XBZ,1,12,116,0.103448276,3
5N6,1,11,413,0.026634383,7
UN1,1,8,336,0.023809524,5
66R,1,2,647,0.00309119,0
66S,1,5,90,0.055555556,8
RB0,1,9,380,0.023684211,5
4KS,1,2,196,0.010204082,3
PLR,1,11,447,0.024608501,1
PZS,1,11,204,0.053921569,0
XAN,1,9,471,0.01910828,7
LTD,1,13,143,0.090909091,8
MYC,1,12,288,0.041666667,6
6C7,1,12,343,0.034985423,1
CEX,1,21,1505,0.013953488,0
MLR,1,7,1519,0.004608295,0
51G,1,10,291,0.034364261,0
6O9,1,7,68,0.102941176,1
6OE,1,2,73,0.02739726,8
CAA,1,17,379,0.044854881,2
35P,1,14,362,0.038674033,6
HDD,1,15,417,0.035971223,2
AMV,1,11,165,0.066666667,7
SBT,1,6,338,0.017751479,5
4XN,1,16,616,0.025974026,6
AYE,1,6,245,0.024489796,9
RAF,1,15,363,0.041322314,0
ZFR,1,16,252,0.063492063,6
TFU,1,48,263,0.182509506,7
LKB,1,13,280,0.046428571,6
6J4,1,16,119,0.134453782,2
6R9,1,16,640,0.025,2
6SB,2,14,207,0.06763285,6
ACD,1,11,148,0.074324324,4
FUH,1,19,168,0.113095238,2
COI,1,7,525,0.013333333,5
CYT,1,8,524,0.015267176,3
YT5,1,2,299,0.006688963,0
58B,1,9,223,0.040358744,5
LGA,1,7,98,0.071428571,3
P4P,1,9,156,0.057692308,6
RHQ,1,12,146,0.082191781,6
TXB,1,7,759,0.009222661,7
SNW,1,12,314,0.038216561,7
A5A,1,18,432,0.041666667,0
8GT,1,5,239,0.020920502,2
482,1,12,148,0.081081081,7
5PD,2,19,493,0.038539554,1
NMY,1,13,331,0.039274924,0
5JC,1,5,163,0.030674847,3
HBA,1,14,163,0.085889571,3
PT5,1,7,227,0.030837004,8
CPL,1,3,231,0.012987013,8
6R7,1,11,414,0.026570048,3
7D4,1,8,183,0.043715847,2
CSS,1,3,144,0.020833333,5
6EV,1,9,252,0.035714286,3
4XA,1,6,147,0.040816327,6
5VD,1,13,276,0.047101449,6
6HY,1,11,195,0.056410256,7
KR0,1,7,941,0.007438895,4
7O6,1,15,237,0.063291139,2
BDF,1,6,276,0.02173913,7
6QF,1,10,113,0.088495575,3
AXT,1,24,150,0.16,6
ACQ,1,20,389,0.051413882,2
TMF,1,8,401,0.019950125,0
CG2,1,9,95,0.094736842,2
NZQ,1,27,363,0.074380165,2
TPT,1,7,337,0.020771513,6
CZP,1,16,170,0.094117647,6
TWN,1,14,437,0.032036613,6
HPK,1,17,266,0.063909774,3
PL3,1,11,539,0.020408163,4
H2B,1,5,95,0.052631579,7
M2P,1,15,240,0.0625,1
CFH,1,3,463,0.006479482,5
MA5,1,6,246,0.024390244,0
P4L,1,12,198,0.060606061,3
AG8,1,13,675,0.019259259,8
1CA,1,16,227,0.070484581,6
BGO,1,13,251,0.051792829,2
17X,1,15,126,0.119047619,0
NGW,1,10,411,0.0243309,7
D5X,1,12,238,0.050420168,1
FOC,1,8,597,0.013400335,5
7P9,1,7,530,0.013207547,8
HQE,1,5,175,0.028571429,3
ZSP,1,15,106,0.141509434,7
3FS,1,19,185,0.102702703,0
MFK,1,22,297,0.074074074,2
PUN,1,2,88,0.022727273,4
PAF,1,10,286,0.034965035,5
CBW,1,4,178,0.02247191,6
ONA,1,12,496,0.024193548,2
41K,1,7,338,0.020710059,7
7OX,1,16,262,0.061068702,0